ColumnName	ColumnLabel	MetabolicTrait
PID	Subject identifier	
fisnumber	Subject identifier	
nl_src_indicator	"Indicator of measurement source, c.f. file ""OrigColumnsDF.nl.tsv""."	
nl_batch_indicator	Batch variable needed for use as covariate in analyses.	
nl_Lipids (CH3)	"Trait ""Lipids (CH3)"", c.f. file ""OrigColumnsDF.nl.tsv""."	Lipids (CH3)
nl_2-Hydroxybutyrate	"Trait ""2-Hydroxybutyrate"", c.f. file ""OrigColumnsDF.nl.tsv""."	2-Hydroxybutyrate
nl_Leucine	"Trait ""Leucine"", c.f. file ""OrigColumnsDF.nl.tsv""."	Leucine
nl_Isoleucine	"Trait ""Isoleucine"", c.f. file ""OrigColumnsDF.nl.tsv""."	Isoleucine
nl_Valine	"Trait ""Valine"", c.f. file ""OrigColumnsDF.nl.tsv""."	Valine
nl_3-Hydroxyisobutyrate	"Trait ""3-Hydroxyisobutyrate"", c.f. file ""OrigColumnsDF.nl.tsv""."	3-Hydroxyisobutyrate
nl_Alpha-ketoisovalerate	"Trait ""Alpha-ketoisovalerate"", c.f. file ""OrigColumnsDF.nl.tsv""."	Alpha-ketoisovalerate
nl_Ethanol	"Trait ""Ethanol"", c.f. file ""OrigColumnsDF.nl.tsv""."	Ethanol
nl_3-Hydroxybutyrate	"Trait ""3-Hydroxybutyrate"", c.f. file ""OrigColumnsDF.nl.tsv""."	3-Hydroxybutyrate
nl_Lipids (CH2)	"Trait ""Lipids (CH2)"", c.f. file ""OrigColumnsDF.nl.tsv""."	Lipids (CH2)
nl_Alanine	"Trait ""Alanine"", c.f. file ""OrigColumnsDF.nl.tsv""."	Alanine
nl_Acetate	"Trait ""Acetate"", c.f. file ""OrigColumnsDF.nl.tsv""."	Acetate
nl_Methionine	"Trait ""Methionine"", c.f. file ""OrigColumnsDF.nl.tsv""."	Methionine
nl_Acetone	"Trait ""Acetone"", c.f. file ""OrigColumnsDF.nl.tsv""."	Acetone
nl_Lipids (CH2CO)	"Trait ""Lipids (CH2CO)"", c.f. file ""OrigColumnsDF.nl.tsv""."	Lipids (CH2CO)
nl_Glutamate	"Trait ""Glutamate"", c.f. file ""OrigColumnsDF.nl.tsv""."	Glutamate
nl_Pyruvate / Oxaloacetate	"Trait ""Pyruvate / Oxaloacetate"", c.f. file ""OrigColumnsDF.nl.tsv""."	Pyruvate / Oxaloacetate
nl_Succinate	"Trait ""Succinate"", c.f. file ""OrigColumnsDF.nl.tsv""."	Succinate
nl_Carnitine	"Trait ""Carnitine"", c.f. file ""OrigColumnsDF.nl.tsv""."	Carnitine
nl_Glutamine	"Trait ""Glutamine"", c.f. file ""OrigColumnsDF.nl.tsv""."	Glutamine
nl_Citrate	"Trait ""Citrate"", c.f. file ""OrigColumnsDF.nl.tsv""."	Citrate
nl_Ca-EDTA	"Trait ""Ca-EDTA"", c.f. file ""OrigColumnsDF.nl.tsv""."	Ca-EDTA
nl_Mg-EDTA	"Trait ""Mg-EDTA"", c.f. file ""OrigColumnsDF.nl.tsv""."	Mg-EDTA
nl_DMA	"Trait ""DMA"", c.f. file ""OrigColumnsDF.nl.tsv""."	DMA
nl_Dimethylglycine	"Trait ""Dimethylglycine"", c.f. file ""OrigColumnsDF.nl.tsv""."	Dimethylglycine
nl_Alpha-ketoglutarate	"Trait ""Alpha-ketoglutarate"", c.f. file ""OrigColumnsDF.nl.tsv""."	Alpha-ketoglutarate
nl_Lysine	"Trait ""Lysine"", c.f. file ""OrigColumnsDF.nl.tsv""."	Lysine
nl_Ornithine	"Trait ""Ornithine"", c.f. file ""OrigColumnsDF.nl.tsv""."	Ornithine
nl_TMAO / Betaine	"Trait ""TMAO / Betaine"", c.f. file ""OrigColumnsDF.nl.tsv""."	TMAO / Betaine
nl_1,5-Anhydrosorbitol	"Trait ""1,5-Anhydrosorbitol"", c.f. file ""OrigColumnsDF.nl.tsv""."	1,5-Anhydrosorbitol
nl_Myoinositol	"Trait ""Myoinositol"", c.f. file ""OrigColumnsDF.nl.tsv""."	Myoinositol
nl_Methanol	"Trait ""Methanol"", c.f. file ""OrigColumnsDF.nl.tsv""."	Methanol
nl_Glycine	"Trait ""Glycine"", c.f. file ""OrigColumnsDF.nl.tsv""."	Glycine
nl_Glycerol	"Trait ""Glycerol"", c.f. file ""OrigColumnsDF.nl.tsv""."	Glycerol
nl_Betaine	"Trait ""Betaine"", c.f. file ""OrigColumnsDF.nl.tsv""."	Betaine
nl_Creatine	"Trait ""Creatine"", c.f. file ""OrigColumnsDF.nl.tsv""."	Creatine
nl_Creatinine	"Trait ""Creatinine"", c.f. file ""OrigColumnsDF.nl.tsv""."	Creatinine
nl_Lactate	"Trait ""Lactate"", c.f. file ""OrigColumnsDF.nl.tsv""."	Lactate
nl_Proline	"Trait ""Proline"", c.f. file ""OrigColumnsDF.nl.tsv""."	Proline
nl_Glucose	"Trait ""Glucose"", c.f. file ""OrigColumnsDF.nl.tsv""."	Glucose
nl_Lipids (CH=CH*CH2CH2)	"Trait ""Lipids (CH=CH*CH2CH2)"", c.f. file ""OrigColumnsDF.nl.tsv""."	Lipids (CH=CH*CH2CH2)
nl_Tyrosine	"Trait ""Tyrosine"", c.f. file ""OrigColumnsDF.nl.tsv""."	Tyrosine
nl_Phenylalanine	"Trait ""Phenylalanine"", c.f. file ""OrigColumnsDF.nl.tsv""."	Phenylalanine
nl_Formate	"Trait ""Formate"", c.f. file ""OrigColumnsDF.nl.tsv""."	Formate
