ColumnName	ColumnLabel	MetabolicTrait
PID	Subject identifier	
fisnumber	Subject identifier	
ll_src_indicator	"Indicator of measurement source, c.f. file ""OrigColumnsDF.ll.tsv""."	
ll_batch_indicator	Batch variable needed for use as covariate in analyses.	
ll_TG(53:1)	"Trait ""TG(53:1)"", c.f. file ""OrigColumnsDF.ll.tsv""."	TG(53:1)
ll_TG(52:0)	"Trait ""TG(52:0)"", c.f. file ""OrigColumnsDF.ll.tsv""."	TG(52:0)
ll_TG(46:0)	"Trait ""TG(46:0)"", c.f. file ""OrigColumnsDF.ll.tsv""."	TG(46:0)
ll_TG(44:0)	"Trait ""TG(44:0)"", c.f. file ""OrigColumnsDF.ll.tsv""."	TG(44:0)
ll_Cer(d18:0/24:0)	"Trait ""Cer(d18:0/24:0)"", c.f. file ""OrigColumnsDF.ll.tsv""."	Cer(d18:0/24:0)
ll_PC(36:5)	"Trait ""PC(36:5)"", c.f. file ""OrigColumnsDF.ll.tsv""."	PC(36:5)
ll_PC(36:6)	"Trait ""PC(36:6)"", c.f. file ""OrigColumnsDF.ll.tsv""."	PC(36:6)
ll_TG(46:3)	"Trait ""TG(46:3)"", c.f. file ""OrigColumnsDF.ll.tsv""."	TG(46:3)
ll_TG(54:1)	"Trait ""TG(54:1)"", c.f. file ""OrigColumnsDF.ll.tsv""."	TG(54:1)
ll_LPE(22:6)	"Trait ""LPE(22:6)"", c.f. file ""OrigColumnsDF.ll.tsv""."	LPE(22:6)
ll_TG(56:7)	"Trait ""TG(56:7)"", c.f. file ""OrigColumnsDF.ll.tsv""."	TG(56:7)
ll_PE(O-38:5)	"Trait ""PE(O-38:5)"", c.f. file ""OrigColumnsDF.ll.tsv""."	PE(O-38:5)
ll_TG(55:1)	"Trait ""TG(55:1)"", c.f. file ""OrigColumnsDF.ll.tsv""."	TG(55:1)
ll_TG(56:2)	"Trait ""TG(56:2)"", c.f. file ""OrigColumnsDF.ll.tsv""."	TG(56:2)
ll_CE(20:4)	"Trait ""CE(20:4)"", c.f. file ""OrigColumnsDF.ll.tsv""."	CE(20:4)
ll_LPC(20:5)	"Trait ""LPC(20:5)"", c.f. file ""OrigColumnsDF.ll.tsv""."	LPC(20:5)
ll_TG(51:2)	"Trait ""TG(51:2)"", c.f. file ""OrigColumnsDF.ll.tsv""."	TG(51:2)
ll_TG(51:4)	"Trait ""TG(51:4)"", c.f. file ""OrigColumnsDF.ll.tsv""."	TG(51:4)
ll_PC(O-36:6)	"Trait ""PC(O-36:6)"", c.f. file ""OrigColumnsDF.ll.tsv""."	PC(O-36:6)
ll_TG(54:5)	"Trait ""TG(54:5)"", c.f. file ""OrigColumnsDF.ll.tsv""."	TG(54:5)
ll_TG(46:1)	"Trait ""TG(46:1)"", c.f. file ""OrigColumnsDF.ll.tsv""."	TG(46:1)
ll_Cer(d18:1/22:1)	"Trait ""Cer(d18:1/22:1)"", c.f. file ""OrigColumnsDF.ll.tsv""."	Cer(d18:1/22:1)
ll_TG(54:7)	"Trait ""TG(54:7)"", c.f. file ""OrigColumnsDF.ll.tsv""."	TG(54:7)
ll_TG(46:2)	"Trait ""TG(46:2)"", c.f. file ""OrigColumnsDF.ll.tsv""."	TG(46:2)
ll_TG(50:0)	"Trait ""TG(50:0)"", c.f. file ""OrigColumnsDF.ll.tsv""."	TG(50:0)
ll_PE(36:4)	"Trait ""PE(36:4)"", c.f. file ""OrigColumnsDF.ll.tsv""."	PE(36:4)
ll_TG(51:1)	"Trait ""TG(51:1)"", c.f. file ""OrigColumnsDF.ll.tsv""."	TG(51:1)
ll_TG(48:2)	"Trait ""TG(48:2)"", c.f. file ""OrigColumnsDF.ll.tsv""."	TG(48:2)
ll_CE(18:1)	"Trait ""CE(18:1)"", c.f. file ""OrigColumnsDF.ll.tsv""."	CE(18:1)
ll_TG(54:6)	"Trait ""TG(54:6)"", c.f. file ""OrigColumnsDF.ll.tsv""."	TG(54:6)
ll_TG(51:3)	"Trait ""TG(51:3)"", c.f. file ""OrigColumnsDF.ll.tsv""."	TG(51:3)
ll_Cer(d18:1/16:0)	"Trait ""Cer(d18:1/16:0)"", c.f. file ""OrigColumnsDF.ll.tsv""."	Cer(d18:1/16:0)
ll_TG(52:4)	"Trait ""TG(52:4)"", c.f. file ""OrigColumnsDF.ll.tsv""."	TG(52:4)
ll_TG(56:6)	"Trait ""TG(56:6)"", c.f. file ""OrigColumnsDF.ll.tsv""."	TG(56:6)
ll_TG(48:0)	"Trait ""TG(48:0)"", c.f. file ""OrigColumnsDF.ll.tsv""."	TG(48:0)
ll_CE(18:2)	"Trait ""CE(18:2)"", c.f. file ""OrigColumnsDF.ll.tsv""."	CE(18:2)
ll_PC(40:7)	"Trait ""PC(40:7)"", c.f. file ""OrigColumnsDF.ll.tsv""."	PC(40:7)
ll_TG(52:1)	"Trait ""TG(52:1)"", c.f. file ""OrigColumnsDF.ll.tsv""."	TG(52:1)
ll_PE(34:2)	"Trait ""PE(34:2)"", c.f. file ""OrigColumnsDF.ll.tsv""."	PE(34:2)
ll_TG(56:3)	"Trait ""TG(56:3)"", c.f. file ""OrigColumnsDF.ll.tsv""."	TG(56:3)
ll_PC(40:8)	"Trait ""PC(40:8)"", c.f. file ""OrigColumnsDF.ll.tsv""."	PC(40:8)
ll_TG(48:1)	"Trait ""TG(48:1)"", c.f. file ""OrigColumnsDF.ll.tsv""."	TG(48:1)
ll_TG(54:4)	"Trait ""TG(54:4)"", c.f. file ""OrigColumnsDF.ll.tsv""."	TG(54:4)
ll_TG(56:5)	"Trait ""TG(56:5)"", c.f. file ""OrigColumnsDF.ll.tsv""."	TG(56:5)
ll_TG(52:5)	"Trait ""TG(52:5)"", c.f. file ""OrigColumnsDF.ll.tsv""."	TG(52:5)
ll_LPE(18:0)	"Trait ""LPE(18:0)"", c.f. file ""OrigColumnsDF.ll.tsv""."	LPE(18:0)
ll_TG(56:4)	"Trait ""TG(56:4)"", c.f. file ""OrigColumnsDF.ll.tsv""."	TG(56:4)
ll_TG(50:3)	"Trait ""TG(50:3)"", c.f. file ""OrigColumnsDF.ll.tsv""."	TG(50:3)
ll_TG(50:4)	"Trait ""TG(50:4)"", c.f. file ""OrigColumnsDF.ll.tsv""."	TG(50:4)
ll_PE(38:4)	"Trait ""PE(38:4)"", c.f. file ""OrigColumnsDF.ll.tsv""."	PE(38:4)
ll_TG(48:3)	"Trait ""TG(48:3)"", c.f. file ""OrigColumnsDF.ll.tsv""."	TG(48:3)
ll_TG(54:2)	"Trait ""TG(54:2)"", c.f. file ""OrigColumnsDF.ll.tsv""."	TG(54:2)
ll_PC(O-38:6)	"Trait ""PC(O-38:6)"", c.f. file ""OrigColumnsDF.ll.tsv""."	PC(O-38:6)
ll_TG(54:3)	"Trait ""TG(54:3)"", c.f. file ""OrigColumnsDF.ll.tsv""."	TG(54:3)
ll_LPC(O-16:0)	"Trait ""LPC(O-16:0)"", c.f. file ""OrigColumnsDF.ll.tsv""."	LPC(O-16:0)
ll_SM(d18:1/18:2)	"Trait ""SM(d18:1/18:2)"", c.f. file ""OrigColumnsDF.ll.tsv""."	SM(d18:1/18:2)
ll_PC(40:6)	"Trait ""PC(40:6)"", c.f. file ""OrigColumnsDF.ll.tsv""."	PC(40:6)
ll_PC(38:5)	"Trait ""PC(38:5)"", c.f. file ""OrigColumnsDF.ll.tsv""."	PC(38:5)
ll_PC(34:4)	"Trait ""PC(34:4)"", c.f. file ""OrigColumnsDF.ll.tsv""."	PC(34:4)
ll_PE(O-36:5)	"Trait ""PE(O-36:5)"", c.f. file ""OrigColumnsDF.ll.tsv""."	PE(O-36:5)
ll_PC(38:6)	"Trait ""PC(38:6)"", c.f. file ""OrigColumnsDF.ll.tsv""."	PC(38:6)
ll_PC(O-36:3)	"Trait ""PC(O-36:3)"", c.f. file ""OrigColumnsDF.ll.tsv""."	PC(O-36:3)
ll_DG(36:2)	"Trait ""DG(36:2)"", c.f. file ""OrigColumnsDF.ll.tsv""."	DG(36:2)
ll_SM(d18:1/17:0)	"Trait ""SM(d18:1/17:0)"", c.f. file ""OrigColumnsDF.ll.tsv""."	SM(d18:1/17:0)
ll_DG(36:3)	"Trait ""DG(36:3)"", c.f. file ""OrigColumnsDF.ll.tsv""."	DG(36:3)
ll_TG(50:2)	"Trait ""TG(50:2)"", c.f. file ""OrigColumnsDF.ll.tsv""."	TG(50:2)
ll_LPC(18:2)	"Trait ""LPC(18:2)"", c.f. file ""OrigColumnsDF.ll.tsv""."	LPC(18:2)
ll_TG(52:3)	"Trait ""TG(52:3)"", c.f. file ""OrigColumnsDF.ll.tsv""."	TG(52:3)
ll_PC(O-36:4)	"Trait ""PC(O-36:4)"", c.f. file ""OrigColumnsDF.ll.tsv""."	PC(O-36:4)
ll_PE(38:2)	"Trait ""PE(38:2)"", c.f. file ""OrigColumnsDF.ll.tsv""."	PE(38:2)
ll_LPC(O-18:1)	"Trait ""LPC(O-18:1)"", c.f. file ""OrigColumnsDF.ll.tsv""."	LPC(O-18:1)
ll_PC(O-34:2)	"Trait ""PC(O-34:2)"", c.f. file ""OrigColumnsDF.ll.tsv""."	PC(O-34:2)
ll_PC(32:1)	"Trait ""PC(32:1)"", c.f. file ""OrigColumnsDF.ll.tsv""."	PC(32:1)
ll_LPC(22:6)	"Trait ""LPC(22:6)"", c.f. file ""OrigColumnsDF.ll.tsv""."	LPC(22:6)
ll_LPC(14:0)	"Trait ""LPC(14:0)"", c.f. file ""OrigColumnsDF.ll.tsv""."	LPC(14:0)
ll_SM(d18:1/21:0)	"Trait ""SM(d18:1/21:0)"", c.f. file ""OrigColumnsDF.ll.tsv""."	SM(d18:1/21:0)
ll_TG(50:1)	"Trait ""TG(50:1)"", c.f. file ""OrigColumnsDF.ll.tsv""."	TG(50:1)
ll_PC(40:5)	"Trait ""PC(40:5)"", c.f. file ""OrigColumnsDF.ll.tsv""."	PC(40:5)
ll_TG(55:3)	"Trait ""TG(55:3)"", c.f. file ""OrigColumnsDF.ll.tsv""."	TG(55:3)
ll_SM(d18:1/25:0)	"Trait ""SM(d18:1/25:0)"", c.f. file ""OrigColumnsDF.ll.tsv""."	SM(d18:1/25:0)
ll_LPC(O-16:1)	"Trait ""LPC(O-16:1)"", c.f. file ""OrigColumnsDF.ll.tsv""."	LPC(O-16:1)
ll_PC(40:4)	"Trait ""PC(40:4)"", c.f. file ""OrigColumnsDF.ll.tsv""."	PC(40:4)
ll_PC(O-38:4)	"Trait ""PC(O-38:4)"", c.f. file ""OrigColumnsDF.ll.tsv""."	PC(O-38:4)
ll_Cer(d18:1/24:1)	"Trait ""Cer(d18:1/24:1)"", c.f. file ""OrigColumnsDF.ll.tsv""."	Cer(d18:1/24:1)
ll_PC(O-44:5)	"Trait ""PC(O-44:5)"", c.f. file ""OrigColumnsDF.ll.tsv""."	PC(O-44:5)
ll_TG(52:2)	"Trait ""TG(52:2)"", c.f. file ""OrigColumnsDF.ll.tsv""."	TG(52:2)
ll_PC(32:2)	"Trait ""PC(32:2)"", c.f. file ""OrigColumnsDF.ll.tsv""."	PC(32:2)
ll_PC(38:3)	"Trait ""PC(38:3)"", c.f. file ""OrigColumnsDF.ll.tsv""."	PC(38:3)
ll_SM(d18:1/14:0)	"Trait ""SM(d18:1/14:0)"", c.f. file ""OrigColumnsDF.ll.tsv""."	SM(d18:1/14:0)
ll_SM(d18:1/20:0)	"Trait ""SM(d18:1/20:0)"", c.f. file ""OrigColumnsDF.ll.tsv""."	SM(d18:1/20:0)
ll_LPC(20:3)	"Trait ""LPC(20:3)"", c.f. file ""OrigColumnsDF.ll.tsv""."	LPC(20:3)
ll_TG(55:2)	"Trait ""TG(55:2)"", c.f. file ""OrigColumnsDF.ll.tsv""."	TG(55:2)
ll_PC(O-38:5)	"Trait ""PC(O-38:5)"", c.f. file ""OrigColumnsDF.ll.tsv""."	PC(O-38:5)
ll_SM(d18:1/24:0)	"Trait ""SM(d18:1/24:0)"", c.f. file ""OrigColumnsDF.ll.tsv""."	SM(d18:1/24:0)
ll_PC(36:3)	"Trait ""PC(36:3)"", c.f. file ""OrigColumnsDF.ll.tsv""."	PC(36:3)
ll_SM(d18:1/15:0)	"Trait ""SM(d18:1/15:0)"", c.f. file ""OrigColumnsDF.ll.tsv""."	SM(d18:1/15:0)
ll_SM(d18:1/18:0)	"Trait ""SM(d18:1/18:0)"", c.f. file ""OrigColumnsDF.ll.tsv""."	SM(d18:1/18:0)
ll_SM(d18:1/25:1)	"Trait ""SM(d18:1/25:1)"", c.f. file ""OrigColumnsDF.ll.tsv""."	SM(d18:1/25:1)
ll_SM(d18:1/23:0)	"Trait ""SM(d18:1/23:0)"", c.f. file ""OrigColumnsDF.ll.tsv""."	SM(d18:1/23:0)
ll_SM(d18:1/22:0)	"Trait ""SM(d18:1/22:0)"", c.f. file ""OrigColumnsDF.ll.tsv""."	SM(d18:1/22:0)
ll_LPC(20:4)	"Trait ""LPC(20:4)"", c.f. file ""OrigColumnsDF.ll.tsv""."	LPC(20:4)
ll_PC(38:4)	"Trait ""PC(38:4)"", c.f. file ""OrigColumnsDF.ll.tsv""."	PC(38:4)
ll_PC(O-40:6)	"Trait ""PC(O-40:6)"", c.f. file ""OrigColumnsDF.ll.tsv""."	PC(O-40:6)
ll_PC(O-36:5)	"Trait ""PC(O-36:5)"", c.f. file ""OrigColumnsDF.ll.tsv""."	PC(O-36:5)
ll_SM(d18:1/18:1)	"Trait ""SM(d18:1/18:1)"", c.f. file ""OrigColumnsDF.ll.tsv""."	SM(d18:1/18:1)
ll_LPC(18:1)	"Trait ""LPC(18:1)"", c.f. file ""OrigColumnsDF.ll.tsv""."	LPC(18:1)
ll_PC(34:3)	"Trait ""PC(34:3)"", c.f. file ""OrigColumnsDF.ll.tsv""."	PC(34:3)
ll_SM(d18:1/23:1)	"Trait ""SM(d18:1/23:1)"", c.f. file ""OrigColumnsDF.ll.tsv""."	SM(d18:1/23:1)
ll_PC(36:4)	"Trait ""PC(36:4)"", c.f. file ""OrigColumnsDF.ll.tsv""."	PC(36:4)
ll_SM(d18:1/22:1)	"Trait ""SM(d18:1/22:1)"", c.f. file ""OrigColumnsDF.ll.tsv""."	SM(d18:1/22:1)
ll_PC(32:0)	"Trait ""PC(32:0)"", c.f. file ""OrigColumnsDF.ll.tsv""."	PC(32:0)
ll_SM(d18:1/24:2)	"Trait ""SM(d18:1/24:2)"", c.f. file ""OrigColumnsDF.ll.tsv""."	SM(d18:1/24:2)
ll_SM(d18:1/24:1)	"Trait ""SM(d18:1/24:1)"", c.f. file ""OrigColumnsDF.ll.tsv""."	SM(d18:1/24:1)
ll_PC(O-34:3)	"Trait ""PC(O-34:3)"", c.f. file ""OrigColumnsDF.ll.tsv""."	PC(O-34:3)
ll_SM(d18:1/16:1)	"Trait ""SM(d18:1/16:1)"", c.f. file ""OrigColumnsDF.ll.tsv""."	SM(d18:1/16:1)
ll_SM(d18:1/16:0)	"Trait ""SM(d18:1/16:0)"", c.f. file ""OrigColumnsDF.ll.tsv""."	SM(d18:1/16:0)
ll_SM(d18:1/20:1)	"Trait ""SM(d18:1/20:1)"", c.f. file ""OrigColumnsDF.ll.tsv""."	SM(d18:1/20:1)
ll_LPC(16:1)	"Trait ""LPC(16:1)"", c.f. file ""OrigColumnsDF.ll.tsv""."	LPC(16:1)
ll_Cer(d18:1/24:0)	"Trait ""Cer(d18:1/24:0)"", c.f. file ""OrigColumnsDF.ll.tsv""."	Cer(d18:1/24:0)
ll_LPC(16:0)	"Trait ""LPC(16:0)"", c.f. file ""OrigColumnsDF.ll.tsv""."	LPC(16:0)
ll_Cer(d18:1/23:0)	"Trait ""Cer(d18:1/23:0)"", c.f. file ""OrigColumnsDF.ll.tsv""."	Cer(d18:1/23:0)
ll_LPC(18:0)	"Trait ""LPC(18:0)"", c.f. file ""OrigColumnsDF.ll.tsv""."	LPC(18:0)
ll_PC(36:1)	"Trait ""PC(36:1)"", c.f. file ""OrigColumnsDF.ll.tsv""."	PC(36:1)
ll_PC(O-34:1)	"Trait ""PC(O-34:1)"", c.f. file ""OrigColumnsDF.ll.tsv""."	PC(O-34:1)
ll_PC(38:2)	"Trait ""PC(38:2)"", c.f. file ""OrigColumnsDF.ll.tsv""."	PC(38:2)
ll_Cer(d18:1/22:0)	"Trait ""Cer(d18:1/22:0)"", c.f. file ""OrigColumnsDF.ll.tsv""."	Cer(d18:1/22:0)
ll_PC(34:1)	"Trait ""PC(34:1)"", c.f. file ""OrigColumnsDF.ll.tsv""."	PC(34:1)
ll_PC(O-36:2)	"Trait ""PC(O-36:2)"", c.f. file ""OrigColumnsDF.ll.tsv""."	PC(O-36:2)
ll_PC(36:2)	"Trait ""PC(36:2)"", c.f. file ""OrigColumnsDF.ll.tsv""."	PC(36:2)
ll_PE(36:3)	"Trait ""PE(36:3)"", c.f. file ""OrigColumnsDF.ll.tsv""."	PE(36:3)
ll_PC(34:2)	"Trait ""PC(34:2)"", c.f. file ""OrigColumnsDF.ll.tsv""."	PC(34:2)
