ColumnName	ColumnLabel	MetabolicTrait
PID	Subject identifier	
fisnumber	Subject identifier	
bsng_src_indicator	"Indicator of measurement source, c.f. file ""OrigColumnsDF.bsng.tsv""."	
bsng_batch_indicator	Batch variable needed for use as covariate in analyses.	
bsng_XXL-VLDL-P	"Trait ""XXL-VLDL-P"", c.f. file ""OrigColumnsDF.bsng.tsv""."	XXL-VLDL-P
bsng_XXL-VLDL-L	"Trait ""XXL-VLDL-L"", c.f. file ""OrigColumnsDF.bsng.tsv""."	XXL-VLDL-L
bsng_XXL-VLDL-PL	"Trait ""XXL-VLDL-PL"", c.f. file ""OrigColumnsDF.bsng.tsv""."	XXL-VLDL-PL
bsng_XXL-VLDL-C	"Trait ""XXL-VLDL-C"", c.f. file ""OrigColumnsDF.bsng.tsv""."	XXL-VLDL-C
bsng_XXL-VLDL-CE	"Trait ""XXL-VLDL-CE"", c.f. file ""OrigColumnsDF.bsng.tsv""."	XXL-VLDL-CE
bsng_XXL-VLDL-FC	"Trait ""XXL-VLDL-FC"", c.f. file ""OrigColumnsDF.bsng.tsv""."	XXL-VLDL-FC
bsng_XXL-VLDL-TG	"Trait ""XXL-VLDL-TG"", c.f. file ""OrigColumnsDF.bsng.tsv""."	XXL-VLDL-TG
bsng_XL-VLDL-P	"Trait ""XL-VLDL-P"", c.f. file ""OrigColumnsDF.bsng.tsv""."	XL-VLDL-P
bsng_XL-VLDL-L	"Trait ""XL-VLDL-L"", c.f. file ""OrigColumnsDF.bsng.tsv""."	XL-VLDL-L
bsng_XL-VLDL-PL	"Trait ""XL-VLDL-PL"", c.f. file ""OrigColumnsDF.bsng.tsv""."	XL-VLDL-PL
bsng_XL-VLDL-C	"Trait ""XL-VLDL-C"", c.f. file ""OrigColumnsDF.bsng.tsv""."	XL-VLDL-C
bsng_XL-VLDL-CE	"Trait ""XL-VLDL-CE"", c.f. file ""OrigColumnsDF.bsng.tsv""."	XL-VLDL-CE
bsng_XL-VLDL-FC	"Trait ""XL-VLDL-FC"", c.f. file ""OrigColumnsDF.bsng.tsv""."	XL-VLDL-FC
bsng_XL-VLDL-TG	"Trait ""XL-VLDL-TG"", c.f. file ""OrigColumnsDF.bsng.tsv""."	XL-VLDL-TG
bsng_L-VLDL-P	"Trait ""L-VLDL-P"", c.f. file ""OrigColumnsDF.bsng.tsv""."	L-VLDL-P
bsng_L-VLDL-L	"Trait ""L-VLDL-L"", c.f. file ""OrigColumnsDF.bsng.tsv""."	L-VLDL-L
bsng_L-VLDL-PL	"Trait ""L-VLDL-PL"", c.f. file ""OrigColumnsDF.bsng.tsv""."	L-VLDL-PL
bsng_L-VLDL-C	"Trait ""L-VLDL-C"", c.f. file ""OrigColumnsDF.bsng.tsv""."	L-VLDL-C
bsng_L-VLDL-CE	"Trait ""L-VLDL-CE"", c.f. file ""OrigColumnsDF.bsng.tsv""."	L-VLDL-CE
bsng_L-VLDL-FC	"Trait ""L-VLDL-FC"", c.f. file ""OrigColumnsDF.bsng.tsv""."	L-VLDL-FC
bsng_L-VLDL-TG	"Trait ""L-VLDL-TG"", c.f. file ""OrigColumnsDF.bsng.tsv""."	L-VLDL-TG
bsng_M-VLDL-P	"Trait ""M-VLDL-P"", c.f. file ""OrigColumnsDF.bsng.tsv""."	M-VLDL-P
bsng_M-VLDL-L	"Trait ""M-VLDL-L"", c.f. file ""OrigColumnsDF.bsng.tsv""."	M-VLDL-L
bsng_M-VLDL-PL	"Trait ""M-VLDL-PL"", c.f. file ""OrigColumnsDF.bsng.tsv""."	M-VLDL-PL
bsng_M-VLDL-C	"Trait ""M-VLDL-C"", c.f. file ""OrigColumnsDF.bsng.tsv""."	M-VLDL-C
bsng_M-VLDL-CE	"Trait ""M-VLDL-CE"", c.f. file ""OrigColumnsDF.bsng.tsv""."	M-VLDL-CE
bsng_M-VLDL-FC	"Trait ""M-VLDL-FC"", c.f. file ""OrigColumnsDF.bsng.tsv""."	M-VLDL-FC
bsng_M-VLDL-TG	"Trait ""M-VLDL-TG"", c.f. file ""OrigColumnsDF.bsng.tsv""."	M-VLDL-TG
bsng_S-VLDL-P	"Trait ""S-VLDL-P"", c.f. file ""OrigColumnsDF.bsng.tsv""."	S-VLDL-P
bsng_S-VLDL-L	"Trait ""S-VLDL-L"", c.f. file ""OrigColumnsDF.bsng.tsv""."	S-VLDL-L
bsng_S-VLDL-PL	"Trait ""S-VLDL-PL"", c.f. file ""OrigColumnsDF.bsng.tsv""."	S-VLDL-PL
bsng_S-VLDL-C	"Trait ""S-VLDL-C"", c.f. file ""OrigColumnsDF.bsng.tsv""."	S-VLDL-C
bsng_S-VLDL-CE	"Trait ""S-VLDL-CE"", c.f. file ""OrigColumnsDF.bsng.tsv""."	S-VLDL-CE
bsng_S-VLDL-FC	"Trait ""S-VLDL-FC"", c.f. file ""OrigColumnsDF.bsng.tsv""."	S-VLDL-FC
bsng_S-VLDL-TG	"Trait ""S-VLDL-TG"", c.f. file ""OrigColumnsDF.bsng.tsv""."	S-VLDL-TG
bsng_XS-VLDL-P	"Trait ""XS-VLDL-P"", c.f. file ""OrigColumnsDF.bsng.tsv""."	XS-VLDL-P
bsng_XS-VLDL-L	"Trait ""XS-VLDL-L"", c.f. file ""OrigColumnsDF.bsng.tsv""."	XS-VLDL-L
bsng_XS-VLDL-PL	"Trait ""XS-VLDL-PL"", c.f. file ""OrigColumnsDF.bsng.tsv""."	XS-VLDL-PL
bsng_XS-VLDL-C	"Trait ""XS-VLDL-C"", c.f. file ""OrigColumnsDF.bsng.tsv""."	XS-VLDL-C
bsng_XS-VLDL-CE	"Trait ""XS-VLDL-CE"", c.f. file ""OrigColumnsDF.bsng.tsv""."	XS-VLDL-CE
bsng_XS-VLDL-FC	"Trait ""XS-VLDL-FC"", c.f. file ""OrigColumnsDF.bsng.tsv""."	XS-VLDL-FC
bsng_XS-VLDL-TG	"Trait ""XS-VLDL-TG"", c.f. file ""OrigColumnsDF.bsng.tsv""."	XS-VLDL-TG
bsng_IDL-P	"Trait ""IDL-P"", c.f. file ""OrigColumnsDF.bsng.tsv""."	IDL-P
bsng_IDL-L	"Trait ""IDL-L"", c.f. file ""OrigColumnsDF.bsng.tsv""."	IDL-L
bsng_IDL-PL	"Trait ""IDL-PL"", c.f. file ""OrigColumnsDF.bsng.tsv""."	IDL-PL
bsng_IDL-C	"Trait ""IDL-C"", c.f. file ""OrigColumnsDF.bsng.tsv""."	IDL-C
bsng_IDL-CE	"Trait ""IDL-CE"", c.f. file ""OrigColumnsDF.bsng.tsv""."	IDL-CE
bsng_IDL-FC	"Trait ""IDL-FC"", c.f. file ""OrigColumnsDF.bsng.tsv""."	IDL-FC
bsng_IDL-TG	"Trait ""IDL-TG"", c.f. file ""OrigColumnsDF.bsng.tsv""."	IDL-TG
bsng_L-LDL-P	"Trait ""L-LDL-P"", c.f. file ""OrigColumnsDF.bsng.tsv""."	L-LDL-P
bsng_L-LDL-L	"Trait ""L-LDL-L"", c.f. file ""OrigColumnsDF.bsng.tsv""."	L-LDL-L
bsng_L-LDL-PL	"Trait ""L-LDL-PL"", c.f. file ""OrigColumnsDF.bsng.tsv""."	L-LDL-PL
bsng_L-LDL-C	"Trait ""L-LDL-C"", c.f. file ""OrigColumnsDF.bsng.tsv""."	L-LDL-C
bsng_L-LDL-CE	"Trait ""L-LDL-CE"", c.f. file ""OrigColumnsDF.bsng.tsv""."	L-LDL-CE
bsng_L-LDL-FC	"Trait ""L-LDL-FC"", c.f. file ""OrigColumnsDF.bsng.tsv""."	L-LDL-FC
bsng_L-LDL-TG	"Trait ""L-LDL-TG"", c.f. file ""OrigColumnsDF.bsng.tsv""."	L-LDL-TG
bsng_M-LDL-P	"Trait ""M-LDL-P"", c.f. file ""OrigColumnsDF.bsng.tsv""."	M-LDL-P
bsng_M-LDL-L	"Trait ""M-LDL-L"", c.f. file ""OrigColumnsDF.bsng.tsv""."	M-LDL-L
bsng_M-LDL-PL	"Trait ""M-LDL-PL"", c.f. file ""OrigColumnsDF.bsng.tsv""."	M-LDL-PL
bsng_M-LDL-C	"Trait ""M-LDL-C"", c.f. file ""OrigColumnsDF.bsng.tsv""."	M-LDL-C
bsng_M-LDL-CE	"Trait ""M-LDL-CE"", c.f. file ""OrigColumnsDF.bsng.tsv""."	M-LDL-CE
bsng_M-LDL-FC	"Trait ""M-LDL-FC"", c.f. file ""OrigColumnsDF.bsng.tsv""."	M-LDL-FC
bsng_M-LDL-TG	"Trait ""M-LDL-TG"", c.f. file ""OrigColumnsDF.bsng.tsv""."	M-LDL-TG
bsng_S-LDL-P	"Trait ""S-LDL-P"", c.f. file ""OrigColumnsDF.bsng.tsv""."	S-LDL-P
bsng_S-LDL-L	"Trait ""S-LDL-L"", c.f. file ""OrigColumnsDF.bsng.tsv""."	S-LDL-L
bsng_S-LDL-PL	"Trait ""S-LDL-PL"", c.f. file ""OrigColumnsDF.bsng.tsv""."	S-LDL-PL
bsng_S-LDL-C	"Trait ""S-LDL-C"", c.f. file ""OrigColumnsDF.bsng.tsv""."	S-LDL-C
bsng_S-LDL-CE	"Trait ""S-LDL-CE"", c.f. file ""OrigColumnsDF.bsng.tsv""."	S-LDL-CE
bsng_S-LDL-FC	"Trait ""S-LDL-FC"", c.f. file ""OrigColumnsDF.bsng.tsv""."	S-LDL-FC
bsng_S-LDL-TG	"Trait ""S-LDL-TG"", c.f. file ""OrigColumnsDF.bsng.tsv""."	S-LDL-TG
bsng_XL-HDL-P	"Trait ""XL-HDL-P"", c.f. file ""OrigColumnsDF.bsng.tsv""."	XL-HDL-P
bsng_XL-HDL-L	"Trait ""XL-HDL-L"", c.f. file ""OrigColumnsDF.bsng.tsv""."	XL-HDL-L
bsng_XL-HDL-PL	"Trait ""XL-HDL-PL"", c.f. file ""OrigColumnsDF.bsng.tsv""."	XL-HDL-PL
bsng_XL-HDL-C	"Trait ""XL-HDL-C"", c.f. file ""OrigColumnsDF.bsng.tsv""."	XL-HDL-C
bsng_XL-HDL-CE	"Trait ""XL-HDL-CE"", c.f. file ""OrigColumnsDF.bsng.tsv""."	XL-HDL-CE
bsng_XL-HDL-FC	"Trait ""XL-HDL-FC"", c.f. file ""OrigColumnsDF.bsng.tsv""."	XL-HDL-FC
bsng_XL-HDL-TG	"Trait ""XL-HDL-TG"", c.f. file ""OrigColumnsDF.bsng.tsv""."	XL-HDL-TG
bsng_L-HDL-P	"Trait ""L-HDL-P"", c.f. file ""OrigColumnsDF.bsng.tsv""."	L-HDL-P
bsng_L-HDL-L	"Trait ""L-HDL-L"", c.f. file ""OrigColumnsDF.bsng.tsv""."	L-HDL-L
bsng_L-HDL-PL	"Trait ""L-HDL-PL"", c.f. file ""OrigColumnsDF.bsng.tsv""."	L-HDL-PL
bsng_L-HDL-C	"Trait ""L-HDL-C"", c.f. file ""OrigColumnsDF.bsng.tsv""."	L-HDL-C
bsng_L-HDL-CE	"Trait ""L-HDL-CE"", c.f. file ""OrigColumnsDF.bsng.tsv""."	L-HDL-CE
bsng_L-HDL-FC	"Trait ""L-HDL-FC"", c.f. file ""OrigColumnsDF.bsng.tsv""."	L-HDL-FC
bsng_L-HDL-TG	"Trait ""L-HDL-TG"", c.f. file ""OrigColumnsDF.bsng.tsv""."	L-HDL-TG
bsng_M-HDL-P	"Trait ""M-HDL-P"", c.f. file ""OrigColumnsDF.bsng.tsv""."	M-HDL-P
bsng_M-HDL-L	"Trait ""M-HDL-L"", c.f. file ""OrigColumnsDF.bsng.tsv""."	M-HDL-L
bsng_M-HDL-PL	"Trait ""M-HDL-PL"", c.f. file ""OrigColumnsDF.bsng.tsv""."	M-HDL-PL
bsng_M-HDL-C	"Trait ""M-HDL-C"", c.f. file ""OrigColumnsDF.bsng.tsv""."	M-HDL-C
bsng_M-HDL-CE	"Trait ""M-HDL-CE"", c.f. file ""OrigColumnsDF.bsng.tsv""."	M-HDL-CE
bsng_M-HDL-FC	"Trait ""M-HDL-FC"", c.f. file ""OrigColumnsDF.bsng.tsv""."	M-HDL-FC
bsng_M-HDL-TG	"Trait ""M-HDL-TG"", c.f. file ""OrigColumnsDF.bsng.tsv""."	M-HDL-TG
bsng_S-HDL-P	"Trait ""S-HDL-P"", c.f. file ""OrigColumnsDF.bsng.tsv""."	S-HDL-P
bsng_S-HDL-L	"Trait ""S-HDL-L"", c.f. file ""OrigColumnsDF.bsng.tsv""."	S-HDL-L
bsng_S-HDL-PL	"Trait ""S-HDL-PL"", c.f. file ""OrigColumnsDF.bsng.tsv""."	S-HDL-PL
bsng_S-HDL-C	"Trait ""S-HDL-C"", c.f. file ""OrigColumnsDF.bsng.tsv""."	S-HDL-C
bsng_S-HDL-CE	"Trait ""S-HDL-CE"", c.f. file ""OrigColumnsDF.bsng.tsv""."	S-HDL-CE
bsng_S-HDL-FC	"Trait ""S-HDL-FC"", c.f. file ""OrigColumnsDF.bsng.tsv""."	S-HDL-FC
bsng_S-HDL-TG	"Trait ""S-HDL-TG"", c.f. file ""OrigColumnsDF.bsng.tsv""."	S-HDL-TG
bsng_XXL-VLDL-PL_%	"Trait ""XXL-VLDL-PL_%"", c.f. file ""OrigColumnsDF.bsng.tsv""."	XXL-VLDL-PL_%
bsng_XXL-VLDL-C_%	"Trait ""XXL-VLDL-C_%"", c.f. file ""OrigColumnsDF.bsng.tsv""."	XXL-VLDL-C_%
bsng_XXL-VLDL-CE_%	"Trait ""XXL-VLDL-CE_%"", c.f. file ""OrigColumnsDF.bsng.tsv""."	XXL-VLDL-CE_%
bsng_XXL-VLDL-FC_%	"Trait ""XXL-VLDL-FC_%"", c.f. file ""OrigColumnsDF.bsng.tsv""."	XXL-VLDL-FC_%
bsng_XXL-VLDL-TG_%	"Trait ""XXL-VLDL-TG_%"", c.f. file ""OrigColumnsDF.bsng.tsv""."	XXL-VLDL-TG_%
bsng_XL-VLDL-PL_%	"Trait ""XL-VLDL-PL_%"", c.f. file ""OrigColumnsDF.bsng.tsv""."	XL-VLDL-PL_%
bsng_XL-VLDL-C_%	"Trait ""XL-VLDL-C_%"", c.f. file ""OrigColumnsDF.bsng.tsv""."	XL-VLDL-C_%
bsng_XL-VLDL-CE_%	"Trait ""XL-VLDL-CE_%"", c.f. file ""OrigColumnsDF.bsng.tsv""."	XL-VLDL-CE_%
bsng_XL-VLDL-FC_%	"Trait ""XL-VLDL-FC_%"", c.f. file ""OrigColumnsDF.bsng.tsv""."	XL-VLDL-FC_%
bsng_XL-VLDL-TG_%	"Trait ""XL-VLDL-TG_%"", c.f. file ""OrigColumnsDF.bsng.tsv""."	XL-VLDL-TG_%
bsng_L-VLDL-PL_%	"Trait ""L-VLDL-PL_%"", c.f. file ""OrigColumnsDF.bsng.tsv""."	L-VLDL-PL_%
bsng_L-VLDL-C_%	"Trait ""L-VLDL-C_%"", c.f. file ""OrigColumnsDF.bsng.tsv""."	L-VLDL-C_%
bsng_L-VLDL-CE_%	"Trait ""L-VLDL-CE_%"", c.f. file ""OrigColumnsDF.bsng.tsv""."	L-VLDL-CE_%
bsng_L-VLDL-FC_%	"Trait ""L-VLDL-FC_%"", c.f. file ""OrigColumnsDF.bsng.tsv""."	L-VLDL-FC_%
bsng_L-VLDL-TG_%	"Trait ""L-VLDL-TG_%"", c.f. file ""OrigColumnsDF.bsng.tsv""."	L-VLDL-TG_%
bsng_M-VLDL-PL_%	"Trait ""M-VLDL-PL_%"", c.f. file ""OrigColumnsDF.bsng.tsv""."	M-VLDL-PL_%
bsng_M-VLDL-C_%	"Trait ""M-VLDL-C_%"", c.f. file ""OrigColumnsDF.bsng.tsv""."	M-VLDL-C_%
bsng_M-VLDL-CE_%	"Trait ""M-VLDL-CE_%"", c.f. file ""OrigColumnsDF.bsng.tsv""."	M-VLDL-CE_%
bsng_M-VLDL-FC_%	"Trait ""M-VLDL-FC_%"", c.f. file ""OrigColumnsDF.bsng.tsv""."	M-VLDL-FC_%
bsng_M-VLDL-TG_%	"Trait ""M-VLDL-TG_%"", c.f. file ""OrigColumnsDF.bsng.tsv""."	M-VLDL-TG_%
bsng_S-VLDL-PL_%	"Trait ""S-VLDL-PL_%"", c.f. file ""OrigColumnsDF.bsng.tsv""."	S-VLDL-PL_%
bsng_S-VLDL-C_%	"Trait ""S-VLDL-C_%"", c.f. file ""OrigColumnsDF.bsng.tsv""."	S-VLDL-C_%
bsng_S-VLDL-CE_%	"Trait ""S-VLDL-CE_%"", c.f. file ""OrigColumnsDF.bsng.tsv""."	S-VLDL-CE_%
bsng_S-VLDL-FC_%	"Trait ""S-VLDL-FC_%"", c.f. file ""OrigColumnsDF.bsng.tsv""."	S-VLDL-FC_%
bsng_S-VLDL-TG_%	"Trait ""S-VLDL-TG_%"", c.f. file ""OrigColumnsDF.bsng.tsv""."	S-VLDL-TG_%
bsng_XS-VLDL-PL_%	"Trait ""XS-VLDL-PL_%"", c.f. file ""OrigColumnsDF.bsng.tsv""."	XS-VLDL-PL_%
bsng_XS-VLDL-C_%	"Trait ""XS-VLDL-C_%"", c.f. file ""OrigColumnsDF.bsng.tsv""."	XS-VLDL-C_%
bsng_XS-VLDL-CE_%	"Trait ""XS-VLDL-CE_%"", c.f. file ""OrigColumnsDF.bsng.tsv""."	XS-VLDL-CE_%
bsng_XS-VLDL-FC_%	"Trait ""XS-VLDL-FC_%"", c.f. file ""OrigColumnsDF.bsng.tsv""."	XS-VLDL-FC_%
bsng_XS-VLDL-TG_%	"Trait ""XS-VLDL-TG_%"", c.f. file ""OrigColumnsDF.bsng.tsv""."	XS-VLDL-TG_%
bsng_IDL-PL_%	"Trait ""IDL-PL_%"", c.f. file ""OrigColumnsDF.bsng.tsv""."	IDL-PL_%
bsng_IDL-C_%	"Trait ""IDL-C_%"", c.f. file ""OrigColumnsDF.bsng.tsv""."	IDL-C_%
bsng_IDL-CE_%	"Trait ""IDL-CE_%"", c.f. file ""OrigColumnsDF.bsng.tsv""."	IDL-CE_%
bsng_IDL-FC_%	"Trait ""IDL-FC_%"", c.f. file ""OrigColumnsDF.bsng.tsv""."	IDL-FC_%
bsng_IDL-TG_%	"Trait ""IDL-TG_%"", c.f. file ""OrigColumnsDF.bsng.tsv""."	IDL-TG_%
bsng_L-LDL-PL_%	"Trait ""L-LDL-PL_%"", c.f. file ""OrigColumnsDF.bsng.tsv""."	L-LDL-PL_%
bsng_L-LDL-C_%	"Trait ""L-LDL-C_%"", c.f. file ""OrigColumnsDF.bsng.tsv""."	L-LDL-C_%
bsng_L-LDL-CE_%	"Trait ""L-LDL-CE_%"", c.f. file ""OrigColumnsDF.bsng.tsv""."	L-LDL-CE_%
bsng_L-LDL-FC_%	"Trait ""L-LDL-FC_%"", c.f. file ""OrigColumnsDF.bsng.tsv""."	L-LDL-FC_%
bsng_L-LDL-TG_%	"Trait ""L-LDL-TG_%"", c.f. file ""OrigColumnsDF.bsng.tsv""."	L-LDL-TG_%
bsng_M-LDL-PL_%	"Trait ""M-LDL-PL_%"", c.f. file ""OrigColumnsDF.bsng.tsv""."	M-LDL-PL_%
bsng_M-LDL-C_%	"Trait ""M-LDL-C_%"", c.f. file ""OrigColumnsDF.bsng.tsv""."	M-LDL-C_%
bsng_M-LDL-CE_%	"Trait ""M-LDL-CE_%"", c.f. file ""OrigColumnsDF.bsng.tsv""."	M-LDL-CE_%
bsng_M-LDL-FC_%	"Trait ""M-LDL-FC_%"", c.f. file ""OrigColumnsDF.bsng.tsv""."	M-LDL-FC_%
bsng_M-LDL-TG_%	"Trait ""M-LDL-TG_%"", c.f. file ""OrigColumnsDF.bsng.tsv""."	M-LDL-TG_%
bsng_S-LDL-PL_%	"Trait ""S-LDL-PL_%"", c.f. file ""OrigColumnsDF.bsng.tsv""."	S-LDL-PL_%
bsng_S-LDL-C_%	"Trait ""S-LDL-C_%"", c.f. file ""OrigColumnsDF.bsng.tsv""."	S-LDL-C_%
bsng_S-LDL-CE_%	"Trait ""S-LDL-CE_%"", c.f. file ""OrigColumnsDF.bsng.tsv""."	S-LDL-CE_%
bsng_S-LDL-FC_%	"Trait ""S-LDL-FC_%"", c.f. file ""OrigColumnsDF.bsng.tsv""."	S-LDL-FC_%
bsng_S-LDL-TG_%	"Trait ""S-LDL-TG_%"", c.f. file ""OrigColumnsDF.bsng.tsv""."	S-LDL-TG_%
bsng_XL-HDL-PL_%	"Trait ""XL-HDL-PL_%"", c.f. file ""OrigColumnsDF.bsng.tsv""."	XL-HDL-PL_%
bsng_XL-HDL-C_%	"Trait ""XL-HDL-C_%"", c.f. file ""OrigColumnsDF.bsng.tsv""."	XL-HDL-C_%
bsng_XL-HDL-CE_%	"Trait ""XL-HDL-CE_%"", c.f. file ""OrigColumnsDF.bsng.tsv""."	XL-HDL-CE_%
bsng_XL-HDL-FC_%	"Trait ""XL-HDL-FC_%"", c.f. file ""OrigColumnsDF.bsng.tsv""."	XL-HDL-FC_%
bsng_XL-HDL-TG_%	"Trait ""XL-HDL-TG_%"", c.f. file ""OrigColumnsDF.bsng.tsv""."	XL-HDL-TG_%
bsng_L-HDL-PL_%	"Trait ""L-HDL-PL_%"", c.f. file ""OrigColumnsDF.bsng.tsv""."	L-HDL-PL_%
bsng_L-HDL-C_%	"Trait ""L-HDL-C_%"", c.f. file ""OrigColumnsDF.bsng.tsv""."	L-HDL-C_%
bsng_L-HDL-CE_%	"Trait ""L-HDL-CE_%"", c.f. file ""OrigColumnsDF.bsng.tsv""."	L-HDL-CE_%
bsng_L-HDL-FC_%	"Trait ""L-HDL-FC_%"", c.f. file ""OrigColumnsDF.bsng.tsv""."	L-HDL-FC_%
bsng_L-HDL-TG_%	"Trait ""L-HDL-TG_%"", c.f. file ""OrigColumnsDF.bsng.tsv""."	L-HDL-TG_%
bsng_M-HDL-PL_%	"Trait ""M-HDL-PL_%"", c.f. file ""OrigColumnsDF.bsng.tsv""."	M-HDL-PL_%
bsng_M-HDL-C_%	"Trait ""M-HDL-C_%"", c.f. file ""OrigColumnsDF.bsng.tsv""."	M-HDL-C_%
bsng_M-HDL-CE_%	"Trait ""M-HDL-CE_%"", c.f. file ""OrigColumnsDF.bsng.tsv""."	M-HDL-CE_%
bsng_M-HDL-FC_%	"Trait ""M-HDL-FC_%"", c.f. file ""OrigColumnsDF.bsng.tsv""."	M-HDL-FC_%
bsng_M-HDL-TG_%	"Trait ""M-HDL-TG_%"", c.f. file ""OrigColumnsDF.bsng.tsv""."	M-HDL-TG_%
bsng_S-HDL-PL_%	"Trait ""S-HDL-PL_%"", c.f. file ""OrigColumnsDF.bsng.tsv""."	S-HDL-PL_%
bsng_S-HDL-C_%	"Trait ""S-HDL-C_%"", c.f. file ""OrigColumnsDF.bsng.tsv""."	S-HDL-C_%
bsng_S-HDL-CE_%	"Trait ""S-HDL-CE_%"", c.f. file ""OrigColumnsDF.bsng.tsv""."	S-HDL-CE_%
bsng_S-HDL-FC_%	"Trait ""S-HDL-FC_%"", c.f. file ""OrigColumnsDF.bsng.tsv""."	S-HDL-FC_%
bsng_S-HDL-TG_%	"Trait ""S-HDL-TG_%"", c.f. file ""OrigColumnsDF.bsng.tsv""."	S-HDL-TG_%
bsng_VLDL-D	"Trait ""VLDL-D"", c.f. file ""OrigColumnsDF.bsng.tsv""."	VLDL-D
bsng_LDL-D	"Trait ""LDL-D"", c.f. file ""OrigColumnsDF.bsng.tsv""."	LDL-D
bsng_HDL-D	"Trait ""HDL-D"", c.f. file ""OrigColumnsDF.bsng.tsv""."	HDL-D
bsng_Serum-C	"Trait ""Serum-C"", c.f. file ""OrigColumnsDF.bsng.tsv""."	Serum-C
bsng_VLDL-C	"Trait ""VLDL-C"", c.f. file ""OrigColumnsDF.bsng.tsv""."	VLDL-C
bsng_Remnant-C	"Trait ""Remnant-C"", c.f. file ""OrigColumnsDF.bsng.tsv""."	Remnant-C
bsng_LDL-C	"Trait ""LDL-C"", c.f. file ""OrigColumnsDF.bsng.tsv""."	LDL-C
bsng_HDL-C	"Trait ""HDL-C"", c.f. file ""OrigColumnsDF.bsng.tsv""."	HDL-C
bsng_HDL2-C	"Trait ""HDL2-C"", c.f. file ""OrigColumnsDF.bsng.tsv""."	HDL2-C
bsng_HDL3-C	"Trait ""HDL3-C"", c.f. file ""OrigColumnsDF.bsng.tsv""."	HDL3-C
bsng_EstC	"Trait ""EstC"", c.f. file ""OrigColumnsDF.bsng.tsv""."	EstC
bsng_FreeC	"Trait ""FreeC"", c.f. file ""OrigColumnsDF.bsng.tsv""."	FreeC
bsng_Serum-TG	"Trait ""Serum-TG"", c.f. file ""OrigColumnsDF.bsng.tsv""."	Serum-TG
bsng_VLDL-TG	"Trait ""VLDL-TG"", c.f. file ""OrigColumnsDF.bsng.tsv""."	VLDL-TG
bsng_LDL-TG	"Trait ""LDL-TG"", c.f. file ""OrigColumnsDF.bsng.tsv""."	LDL-TG
bsng_HDL-TG	"Trait ""HDL-TG"", c.f. file ""OrigColumnsDF.bsng.tsv""."	HDL-TG
bsng_TotPG	"Trait ""TotPG"", c.f. file ""OrigColumnsDF.bsng.tsv""."	TotPG
bsng_TG/PG	"Trait ""TG/PG"", c.f. file ""OrigColumnsDF.bsng.tsv""."	TG/PG
bsng_PC	"Trait ""PC"", c.f. file ""OrigColumnsDF.bsng.tsv""."	PC
bsng_SM	"Trait ""SM"", c.f. file ""OrigColumnsDF.bsng.tsv""."	SM
bsng_TotCho	"Trait ""TotCho"", c.f. file ""OrigColumnsDF.bsng.tsv""."	TotCho
bsng_ApoA1	"Trait ""ApoA1"", c.f. file ""OrigColumnsDF.bsng.tsv""."	ApoA1
bsng_ApoB	"Trait ""ApoB"", c.f. file ""OrigColumnsDF.bsng.tsv""."	ApoB
bsng_ApoB/ApoA1	"Trait ""ApoB/ApoA1"", c.f. file ""OrigColumnsDF.bsng.tsv""."	ApoB/ApoA1
bsng_TotFA	"Trait ""TotFA"", c.f. file ""OrigColumnsDF.bsng.tsv""."	TotFA
bsng_FALen	"Trait ""FALen"", c.f. file ""OrigColumnsDF.bsng.tsv""."	FALen
bsng_UnsatDeg	"Trait ""UnsatDeg"", c.f. file ""OrigColumnsDF.bsng.tsv""."	UnsatDeg
bsng_DHA	"Trait ""DHA"", c.f. file ""OrigColumnsDF.bsng.tsv""."	DHA
bsng_LA	"Trait ""LA"", c.f. file ""OrigColumnsDF.bsng.tsv""."	LA
bsng_FAw3	"Trait ""FAw3"", c.f. file ""OrigColumnsDF.bsng.tsv""."	FAw3
bsng_FAw6	"Trait ""FAw6"", c.f. file ""OrigColumnsDF.bsng.tsv""."	FAw6
bsng_PUFA	"Trait ""PUFA"", c.f. file ""OrigColumnsDF.bsng.tsv""."	PUFA
bsng_MUFA	"Trait ""MUFA"", c.f. file ""OrigColumnsDF.bsng.tsv""."	MUFA
bsng_SFA	"Trait ""SFA"", c.f. file ""OrigColumnsDF.bsng.tsv""."	SFA
bsng_DHA/FA	"Trait ""DHA/FA"", c.f. file ""OrigColumnsDF.bsng.tsv""."	DHA/FA
bsng_LA/FA	"Trait ""LA/FA"", c.f. file ""OrigColumnsDF.bsng.tsv""."	LA/FA
bsng_FAw3/FA	"Trait ""FAw3/FA"", c.f. file ""OrigColumnsDF.bsng.tsv""."	FAw3/FA
bsng_FAw6/FA	"Trait ""FAw6/FA"", c.f. file ""OrigColumnsDF.bsng.tsv""."	FAw6/FA
bsng_PUFA/FA	"Trait ""PUFA/FA"", c.f. file ""OrigColumnsDF.bsng.tsv""."	PUFA/FA
bsng_MUFA/FA	"Trait ""MUFA/FA"", c.f. file ""OrigColumnsDF.bsng.tsv""."	MUFA/FA
bsng_SFA/FA	"Trait ""SFA/FA"", c.f. file ""OrigColumnsDF.bsng.tsv""."	SFA/FA
bsng_Glc	"Trait ""Glc"", c.f. file ""OrigColumnsDF.bsng.tsv""."	Glc
bsng_Lac	"Trait ""Lac"", c.f. file ""OrigColumnsDF.bsng.tsv""."	Lac
bsng_Cit	"Trait ""Cit"", c.f. file ""OrigColumnsDF.bsng.tsv""."	Cit
bsng_Ala	"Trait ""Ala"", c.f. file ""OrigColumnsDF.bsng.tsv""."	Ala
bsng_His	"Trait ""His"", c.f. file ""OrigColumnsDF.bsng.tsv""."	His
bsng_Ile	"Trait ""Ile"", c.f. file ""OrigColumnsDF.bsng.tsv""."	Ile
bsng_Leu	"Trait ""Leu"", c.f. file ""OrigColumnsDF.bsng.tsv""."	Leu
bsng_Val	"Trait ""Val"", c.f. file ""OrigColumnsDF.bsng.tsv""."	Val
bsng_Phe	"Trait ""Phe"", c.f. file ""OrigColumnsDF.bsng.tsv""."	Phe
bsng_Tyr	"Trait ""Tyr"", c.f. file ""OrigColumnsDF.bsng.tsv""."	Tyr
bsng_Ace	"Trait ""Ace"", c.f. file ""OrigColumnsDF.bsng.tsv""."	Ace
bsng_AcAce	"Trait ""AcAce"", c.f. file ""OrigColumnsDF.bsng.tsv""."	AcAce
bsng_bOHBut	"Trait ""bOHBut"", c.f. file ""OrigColumnsDF.bsng.tsv""."	bOHBut
bsng_Crea	"Trait ""Crea"", c.f. file ""OrigColumnsDF.bsng.tsv""."	Crea
bsng_Alb	"Trait ""Alb"", c.f. file ""OrigColumnsDF.bsng.tsv""."	Alb
bsng_Gp	"Trait ""Gp"", c.f. file ""OrigColumnsDF.bsng.tsv""."	Gp
bsng_UnSat	"Trait ""UnSat"", c.f. file ""OrigColumnsDF.bsng.tsv""."	UnSat
bsng_Gln	"Trait ""Gln"", c.f. file ""OrigColumnsDF.bsng.tsv""."	Gln
