ColumnName	ColumnLabel	MetabolicTrait
PID	Subject identifier	
fisnumber	Subject identifier	
bioc_src_indicator	"Indicator of measurement source, c.f. file ""OrigColumnsDF.bioc.tsv""."	
bioc_batch_indicator	Batch variable needed for use as covariate in analyses.	
bioc_C0	"Trait ""C0"", c.f. file ""OrigColumnsDF.bioc.tsv""."	C0
bioc_C12:1	"Trait ""C12:1"", c.f. file ""OrigColumnsDF.bioc.tsv""."	C12:1
bioc_C14:1	"Trait ""C14:1"", c.f. file ""OrigColumnsDF.bioc.tsv""."	C14:1
bioc_C14:2	"Trait ""C14:2"", c.f. file ""OrigColumnsDF.bioc.tsv""."	C14:2
bioc_C18:1	"Trait ""C18:1"", c.f. file ""OrigColumnsDF.bioc.tsv""."	C18:1
bioc_C18:2	"Trait ""C18:2"", c.f. file ""OrigColumnsDF.bioc.tsv""."	C18:2
bioc_C2	"Trait ""C2"", c.f. file ""OrigColumnsDF.bioc.tsv""."	C2
bioc_C8:1	"Trait ""C8:1"", c.f. file ""OrigColumnsDF.bioc.tsv""."	C8:1
bioc_Arg	"Trait ""Arg"", c.f. file ""OrigColumnsDF.bioc.tsv""."	Arg
bioc_Gln	"Trait ""Gln"", c.f. file ""OrigColumnsDF.bioc.tsv""."	Gln
bioc_Gly	"Trait ""Gly"", c.f. file ""OrigColumnsDF.bioc.tsv""."	Gly
bioc_His	"Trait ""His"", c.f. file ""OrigColumnsDF.bioc.tsv""."	His
bioc_Met	"Trait ""Met"", c.f. file ""OrigColumnsDF.bioc.tsv""."	Met
bioc_Orn	"Trait ""Orn"", c.f. file ""OrigColumnsDF.bioc.tsv""."	Orn
bioc_Phe	"Trait ""Phe"", c.f. file ""OrigColumnsDF.bioc.tsv""."	Phe
bioc_Pro	"Trait ""Pro"", c.f. file ""OrigColumnsDF.bioc.tsv""."	Pro
bioc_Ser	"Trait ""Ser"", c.f. file ""OrigColumnsDF.bioc.tsv""."	Ser
bioc_Thr	"Trait ""Thr"", c.f. file ""OrigColumnsDF.bioc.tsv""."	Thr
bioc_Trp	"Trait ""Trp"", c.f. file ""OrigColumnsDF.bioc.tsv""."	Trp
bioc_Tyr	"Trait ""Tyr"", c.f. file ""OrigColumnsDF.bioc.tsv""."	Tyr
bioc_Val	"Trait ""Val"", c.f. file ""OrigColumnsDF.bioc.tsv""."	Val
bioc_xLeu	"Trait ""xLeu"", c.f. file ""OrigColumnsDF.bioc.tsv""."	xLeu
bioc_PC aa C28:1	"Trait ""PC aa C28:1"", c.f. file ""OrigColumnsDF.bioc.tsv""."	PC aa C28:1
bioc_PC aa C30:0	"Trait ""PC aa C30:0"", c.f. file ""OrigColumnsDF.bioc.tsv""."	PC aa C30:0
bioc_PC aa C32:0	"Trait ""PC aa C32:0"", c.f. file ""OrigColumnsDF.bioc.tsv""."	PC aa C32:0
bioc_PC aa C32:1	"Trait ""PC aa C32:1"", c.f. file ""OrigColumnsDF.bioc.tsv""."	PC aa C32:1
bioc_PC aa C32:2	"Trait ""PC aa C32:2"", c.f. file ""OrigColumnsDF.bioc.tsv""."	PC aa C32:2
bioc_PC aa C32:3	"Trait ""PC aa C32:3"", c.f. file ""OrigColumnsDF.bioc.tsv""."	PC aa C32:3
bioc_PC aa C34:1	"Trait ""PC aa C34:1"", c.f. file ""OrigColumnsDF.bioc.tsv""."	PC aa C34:1
bioc_PC aa C34:2	"Trait ""PC aa C34:2"", c.f. file ""OrigColumnsDF.bioc.tsv""."	PC aa C34:2
bioc_PC aa C34:3	"Trait ""PC aa C34:3"", c.f. file ""OrigColumnsDF.bioc.tsv""."	PC aa C34:3
bioc_PC aa C34:4	"Trait ""PC aa C34:4"", c.f. file ""OrigColumnsDF.bioc.tsv""."	PC aa C34:4
bioc_PC aa C36:0	"Trait ""PC aa C36:0"", c.f. file ""OrigColumnsDF.bioc.tsv""."	PC aa C36:0
bioc_PC aa C36:1	"Trait ""PC aa C36:1"", c.f. file ""OrigColumnsDF.bioc.tsv""."	PC aa C36:1
bioc_PC aa C36:2	"Trait ""PC aa C36:2"", c.f. file ""OrigColumnsDF.bioc.tsv""."	PC aa C36:2
bioc_PC aa C36:3	"Trait ""PC aa C36:3"", c.f. file ""OrigColumnsDF.bioc.tsv""."	PC aa C36:3
bioc_PC aa C36:4	"Trait ""PC aa C36:4"", c.f. file ""OrigColumnsDF.bioc.tsv""."	PC aa C36:4
bioc_PC aa C36:5	"Trait ""PC aa C36:5"", c.f. file ""OrigColumnsDF.bioc.tsv""."	PC aa C36:5
bioc_PC aa C36:6	"Trait ""PC aa C36:6"", c.f. file ""OrigColumnsDF.bioc.tsv""."	PC aa C36:6
bioc_PC aa C38:0	"Trait ""PC aa C38:0"", c.f. file ""OrigColumnsDF.bioc.tsv""."	PC aa C38:0
bioc_PC aa C38:3	"Trait ""PC aa C38:3"", c.f. file ""OrigColumnsDF.bioc.tsv""."	PC aa C38:3
bioc_PC aa C38:4	"Trait ""PC aa C38:4"", c.f. file ""OrigColumnsDF.bioc.tsv""."	PC aa C38:4
bioc_PC aa C38:5	"Trait ""PC aa C38:5"", c.f. file ""OrigColumnsDF.bioc.tsv""."	PC aa C38:5
bioc_PC aa C38:6	"Trait ""PC aa C38:6"", c.f. file ""OrigColumnsDF.bioc.tsv""."	PC aa C38:6
bioc_PC aa C40:1	"Trait ""PC aa C40:1"", c.f. file ""OrigColumnsDF.bioc.tsv""."	PC aa C40:1
bioc_PC aa C40:2	"Trait ""PC aa C40:2"", c.f. file ""OrigColumnsDF.bioc.tsv""."	PC aa C40:2
bioc_PC aa C40:3	"Trait ""PC aa C40:3"", c.f. file ""OrigColumnsDF.bioc.tsv""."	PC aa C40:3
bioc_PC aa C40:4	"Trait ""PC aa C40:4"", c.f. file ""OrigColumnsDF.bioc.tsv""."	PC aa C40:4
bioc_PC aa C40:5	"Trait ""PC aa C40:5"", c.f. file ""OrigColumnsDF.bioc.tsv""."	PC aa C40:5
bioc_PC aa C40:6	"Trait ""PC aa C40:6"", c.f. file ""OrigColumnsDF.bioc.tsv""."	PC aa C40:6
bioc_PC aa C42:0	"Trait ""PC aa C42:0"", c.f. file ""OrigColumnsDF.bioc.tsv""."	PC aa C42:0
bioc_PC aa C42:1	"Trait ""PC aa C42:1"", c.f. file ""OrigColumnsDF.bioc.tsv""."	PC aa C42:1
bioc_PC aa C42:2	"Trait ""PC aa C42:2"", c.f. file ""OrigColumnsDF.bioc.tsv""."	PC aa C42:2
bioc_PC aa C42:4	"Trait ""PC aa C42:4"", c.f. file ""OrigColumnsDF.bioc.tsv""."	PC aa C42:4
bioc_PC aa C42:5	"Trait ""PC aa C42:5"", c.f. file ""OrigColumnsDF.bioc.tsv""."	PC aa C42:5
bioc_PC aa C42:6	"Trait ""PC aa C42:6"", c.f. file ""OrigColumnsDF.bioc.tsv""."	PC aa C42:6
bioc_PC ae C30:0	"Trait ""PC ae C30:0"", c.f. file ""OrigColumnsDF.bioc.tsv""."	PC ae C30:0
bioc_PC ae C32:1	"Trait ""PC ae C32:1"", c.f. file ""OrigColumnsDF.bioc.tsv""."	PC ae C32:1
bioc_PC ae C32:2	"Trait ""PC ae C32:2"", c.f. file ""OrigColumnsDF.bioc.tsv""."	PC ae C32:2
bioc_PC ae C34:0	"Trait ""PC ae C34:0"", c.f. file ""OrigColumnsDF.bioc.tsv""."	PC ae C34:0
bioc_PC ae C34:1	"Trait ""PC ae C34:1"", c.f. file ""OrigColumnsDF.bioc.tsv""."	PC ae C34:1
bioc_PC ae C34:2	"Trait ""PC ae C34:2"", c.f. file ""OrigColumnsDF.bioc.tsv""."	PC ae C34:2
bioc_PC ae C34:3	"Trait ""PC ae C34:3"", c.f. file ""OrigColumnsDF.bioc.tsv""."	PC ae C34:3
bioc_PC ae C36:0	"Trait ""PC ae C36:0"", c.f. file ""OrigColumnsDF.bioc.tsv""."	PC ae C36:0
bioc_PC ae C36:1	"Trait ""PC ae C36:1"", c.f. file ""OrigColumnsDF.bioc.tsv""."	PC ae C36:1
bioc_PC ae C36:2	"Trait ""PC ae C36:2"", c.f. file ""OrigColumnsDF.bioc.tsv""."	PC ae C36:2
bioc_PC ae C36:3	"Trait ""PC ae C36:3"", c.f. file ""OrigColumnsDF.bioc.tsv""."	PC ae C36:3
bioc_PC ae C36:4	"Trait ""PC ae C36:4"", c.f. file ""OrigColumnsDF.bioc.tsv""."	PC ae C36:4
bioc_PC ae C36:5	"Trait ""PC ae C36:5"", c.f. file ""OrigColumnsDF.bioc.tsv""."	PC ae C36:5
bioc_PC ae C38:0	"Trait ""PC ae C38:0"", c.f. file ""OrigColumnsDF.bioc.tsv""."	PC ae C38:0
bioc_PC ae C38:1	"Trait ""PC ae C38:1"", c.f. file ""OrigColumnsDF.bioc.tsv""."	PC ae C38:1
bioc_PC ae C38:2	"Trait ""PC ae C38:2"", c.f. file ""OrigColumnsDF.bioc.tsv""."	PC ae C38:2
bioc_PC ae C38:3	"Trait ""PC ae C38:3"", c.f. file ""OrigColumnsDF.bioc.tsv""."	PC ae C38:3
bioc_PC ae C38:4	"Trait ""PC ae C38:4"", c.f. file ""OrigColumnsDF.bioc.tsv""."	PC ae C38:4
bioc_PC ae C38:5	"Trait ""PC ae C38:5"", c.f. file ""OrigColumnsDF.bioc.tsv""."	PC ae C38:5
bioc_PC ae C38:6	"Trait ""PC ae C38:6"", c.f. file ""OrigColumnsDF.bioc.tsv""."	PC ae C38:6
bioc_PC ae C40:1	"Trait ""PC ae C40:1"", c.f. file ""OrigColumnsDF.bioc.tsv""."	PC ae C40:1
bioc_PC ae C40:2	"Trait ""PC ae C40:2"", c.f. file ""OrigColumnsDF.bioc.tsv""."	PC ae C40:2
bioc_PC ae C40:3	"Trait ""PC ae C40:3"", c.f. file ""OrigColumnsDF.bioc.tsv""."	PC ae C40:3
bioc_PC ae C40:4	"Trait ""PC ae C40:4"", c.f. file ""OrigColumnsDF.bioc.tsv""."	PC ae C40:4
bioc_PC ae C40:5	"Trait ""PC ae C40:5"", c.f. file ""OrigColumnsDF.bioc.tsv""."	PC ae C40:5
bioc_PC ae C40:6	"Trait ""PC ae C40:6"", c.f. file ""OrigColumnsDF.bioc.tsv""."	PC ae C40:6
bioc_PC ae C42:0	"Trait ""PC ae C42:0"", c.f. file ""OrigColumnsDF.bioc.tsv""."	PC ae C42:0
bioc_PC ae C42:1	"Trait ""PC ae C42:1"", c.f. file ""OrigColumnsDF.bioc.tsv""."	PC ae C42:1
bioc_PC ae C42:2	"Trait ""PC ae C42:2"", c.f. file ""OrigColumnsDF.bioc.tsv""."	PC ae C42:2
bioc_PC ae C42:3	"Trait ""PC ae C42:3"", c.f. file ""OrigColumnsDF.bioc.tsv""."	PC ae C42:3
bioc_PC ae C42:4	"Trait ""PC ae C42:4"", c.f. file ""OrigColumnsDF.bioc.tsv""."	PC ae C42:4
bioc_PC ae C42:5	"Trait ""PC ae C42:5"", c.f. file ""OrigColumnsDF.bioc.tsv""."	PC ae C42:5
bioc_PC ae C44:3	"Trait ""PC ae C44:3"", c.f. file ""OrigColumnsDF.bioc.tsv""."	PC ae C44:3
bioc_PC ae C44:4	"Trait ""PC ae C44:4"", c.f. file ""OrigColumnsDF.bioc.tsv""."	PC ae C44:4
bioc_PC ae C44:5	"Trait ""PC ae C44:5"", c.f. file ""OrigColumnsDF.bioc.tsv""."	PC ae C44:5
bioc_PC ae C44:6	"Trait ""PC ae C44:6"", c.f. file ""OrigColumnsDF.bioc.tsv""."	PC ae C44:6
bioc_lysoPC a C16:0	"Trait ""lysoPC a C16:0"", c.f. file ""OrigColumnsDF.bioc.tsv""."	lysoPC a C16:0
bioc_lysoPC a C16:1	"Trait ""lysoPC a C16:1"", c.f. file ""OrigColumnsDF.bioc.tsv""."	lysoPC a C16:1
bioc_lysoPC a C17:0	"Trait ""lysoPC a C17:0"", c.f. file ""OrigColumnsDF.bioc.tsv""."	lysoPC a C17:0
bioc_lysoPC a C18:0	"Trait ""lysoPC a C18:0"", c.f. file ""OrigColumnsDF.bioc.tsv""."	lysoPC a C18:0
bioc_lysoPC a C18:1	"Trait ""lysoPC a C18:1"", c.f. file ""OrigColumnsDF.bioc.tsv""."	lysoPC a C18:1
bioc_lysoPC a C18:2	"Trait ""lysoPC a C18:2"", c.f. file ""OrigColumnsDF.bioc.tsv""."	lysoPC a C18:2
bioc_lysoPC a C20:3	"Trait ""lysoPC a C20:3"", c.f. file ""OrigColumnsDF.bioc.tsv""."	lysoPC a C20:3
bioc_lysoPC a C20:4	"Trait ""lysoPC a C20:4"", c.f. file ""OrigColumnsDF.bioc.tsv""."	lysoPC a C20:4
bioc_lysoPC a C26:0	"Trait ""lysoPC a C26:0"", c.f. file ""OrigColumnsDF.bioc.tsv""."	lysoPC a C26:0
bioc_lysoPC a C28:0	"Trait ""lysoPC a C28:0"", c.f. file ""OrigColumnsDF.bioc.tsv""."	lysoPC a C28:0
bioc_lysoPC a C28:1	"Trait ""lysoPC a C28:1"", c.f. file ""OrigColumnsDF.bioc.tsv""."	lysoPC a C28:1
bioc_SM (OH) C14:1	"Trait ""SM (OH) C14:1"", c.f. file ""OrigColumnsDF.bioc.tsv""."	SM (OH) C14:1
bioc_SM (OH) C16:1	"Trait ""SM (OH) C16:1"", c.f. file ""OrigColumnsDF.bioc.tsv""."	SM (OH) C16:1
bioc_SM (OH) C22:1	"Trait ""SM (OH) C22:1"", c.f. file ""OrigColumnsDF.bioc.tsv""."	SM (OH) C22:1
bioc_SM (OH) C22:2	"Trait ""SM (OH) C22:2"", c.f. file ""OrigColumnsDF.bioc.tsv""."	SM (OH) C22:2
bioc_SM (OH) C24:1	"Trait ""SM (OH) C24:1"", c.f. file ""OrigColumnsDF.bioc.tsv""."	SM (OH) C24:1
bioc_SM C16:0	"Trait ""SM C16:0"", c.f. file ""OrigColumnsDF.bioc.tsv""."	SM C16:0
bioc_SM C16:1	"Trait ""SM C16:1"", c.f. file ""OrigColumnsDF.bioc.tsv""."	SM C16:1
bioc_SM C18:0	"Trait ""SM C18:0"", c.f. file ""OrigColumnsDF.bioc.tsv""."	SM C18:0
bioc_SM C18:1	"Trait ""SM C18:1"", c.f. file ""OrigColumnsDF.bioc.tsv""."	SM C18:1
bioc_SM C20:2	"Trait ""SM C20:2"", c.f. file ""OrigColumnsDF.bioc.tsv""."	SM C20:2
bioc_SM C24:0	"Trait ""SM C24:0"", c.f. file ""OrigColumnsDF.bioc.tsv""."	SM C24:0
bioc_SM C24:1	"Trait ""SM C24:1"", c.f. file ""OrigColumnsDF.bioc.tsv""."	SM C24:1
bioc_SM C26:0	"Trait ""SM C26:0"", c.f. file ""OrigColumnsDF.bioc.tsv""."	SM C26:0
bioc_SM C26:1	"Trait ""SM C26:1"", c.f. file ""OrigColumnsDF.bioc.tsv""."	SM C26:1
bioc_H1	"Trait ""H1"", c.f. file ""OrigColumnsDF.bioc.tsv""."	H1
bioc_(C2+C3) / C0	"Trait ""(C2+C3) / C0"", c.f. file ""OrigColumnsDF.bioc.tsv""."	(C2+C3) / C0
bioc_AAA	"Trait ""AAA"", c.f. file ""OrigColumnsDF.bioc.tsv""."	AAA
bioc_C2 / C0	"Trait ""C2 / C0"", c.f. file ""OrigColumnsDF.bioc.tsv""."	C2 / C0
bioc_CPT-I ratio	"Trait ""CPT-I ratio"", c.f. file ""OrigColumnsDF.bioc.tsv""."	CPT-I ratio
bioc_MUFA (PC)	"Trait ""MUFA (PC)"", c.f. file ""OrigColumnsDF.bioc.tsv""."	MUFA (PC)
bioc_MUFA (PC) / SFA (PC)	"Trait ""MUFA (PC) / SFA (PC)"", c.f. file ""OrigColumnsDF.bioc.tsv""."	MUFA (PC) / SFA (PC)
bioc_Orn / Arg	"Trait ""Orn / Arg"", c.f. file ""OrigColumnsDF.bioc.tsv""."	Orn / Arg
bioc_PUFA (PC)	"Trait ""PUFA (PC)"", c.f. file ""OrigColumnsDF.bioc.tsv""."	PUFA (PC)
bioc_PUFA (PC) / MUFA (PC)	"Trait ""PUFA (PC) / MUFA (PC)"", c.f. file ""OrigColumnsDF.bioc.tsv""."	PUFA (PC) / MUFA (PC)
bioc_PUFA (PC) / SFA (PC)	"Trait ""PUFA (PC) / SFA (PC)"", c.f. file ""OrigColumnsDF.bioc.tsv""."	PUFA (PC) / SFA (PC)
bioc_SFA (PC)	"Trait ""SFA (PC)"", c.f. file ""OrigColumnsDF.bioc.tsv""."	SFA (PC)
bioc_Total (PC+SM)	"Trait ""Total (PC+SM)"", c.f. file ""OrigColumnsDF.bioc.tsv""."	Total (PC+SM)
bioc_Total AC / C0	"Trait ""Total AC / C0"", c.f. file ""OrigColumnsDF.bioc.tsv""."	Total AC / C0
bioc_Total AC-DC / Total AC	"Trait ""Total AC-DC / Total AC"", c.f. file ""OrigColumnsDF.bioc.tsv""."	Total AC-DC / Total AC
bioc_Total AC-OH / Total AC	"Trait ""Total AC-OH / Total AC"", c.f. file ""OrigColumnsDF.bioc.tsv""."	Total AC-OH / Total AC
bioc_Total PC	"Trait ""Total PC"", c.f. file ""OrigColumnsDF.bioc.tsv""."	Total PC
bioc_Total PC aa	"Trait ""Total PC aa"", c.f. file ""OrigColumnsDF.bioc.tsv""."	Total PC aa
bioc_Total PC ae	"Trait ""Total PC ae"", c.f. file ""OrigColumnsDF.bioc.tsv""."	Total PC ae
bioc_Total SM	"Trait ""Total SM"", c.f. file ""OrigColumnsDF.bioc.tsv""."	Total SM
bioc_Total SM / Total (SM+PC)	"Trait ""Total SM / Total (SM+PC)"", c.f. file ""OrigColumnsDF.bioc.tsv""."	Total SM / Total (SM+PC)
bioc_Total SM / Total PC	"Trait ""Total SM / Total PC"", c.f. file ""OrigColumnsDF.bioc.tsv""."	Total SM / Total PC
bioc_Total SM-OH	"Trait ""Total SM-OH"", c.f. file ""OrigColumnsDF.bioc.tsv""."	Total SM-OH
bioc_Total SM-OH / Total SM-non OH	"Trait ""Total SM-OH / Total SM-non OH"", c.f. file ""OrigColumnsDF.bioc.tsv""."	Total SM-OH / Total SM-non OH
bioc_Total SM-non OH	"Trait ""Total SM-non OH"", c.f. file ""OrigColumnsDF.bioc.tsv""."	Total SM-non OH
bioc_Total lysoPC	"Trait ""Total lysoPC"", c.f. file ""OrigColumnsDF.bioc.tsv""."	Total lysoPC
bioc_Total lysoPC / Total PC	"Trait ""Total lysoPC / Total PC"", c.f. file ""OrigColumnsDF.bioc.tsv""."	Total lysoPC / Total PC
bioc_Tyr / Phe	"Trait ""Tyr / Phe"", c.f. file ""OrigColumnsDF.bioc.tsv""."	Tyr / Phe
bioc_PC aa C38:1	"Trait ""PC aa C38:1"", c.f. file ""OrigColumnsDF.bioc.tsv""."	PC aa C38:1
