ColumnNames	Trait	Class
ll_TG(53:1)	TG(53:1)	TG
ll_TG(52:0)	TG(52:0)	TG
ll_TG(46:0)	TG(46:0)	TG
ll_TG(44:0)	TG(44:0)	TG
ll_Cer(d18:0/24:0)	Cer(d18:0/24:0)	Cer
ll_PC(36:5)	PC(36:5)	PC
ll_PC(36:6)	PC(36:6)	PC
ll_TG(46:3)	TG(46:3)	TG
ll_TG(54:1)	TG(54:1)	TG
ll_LPE(22:6)	LPE(22:6)	LPE
ll_TG(56:7)	TG(56:7)	TG
ll_PE(O-38:5)	PE(O-38:5)	PE
ll_TG(55:1)	TG(55:1)	TG
ll_TG(56:2)	TG(56:2)	TG
ll_CE(20:4)	CE(20:4)	CE
ll_LPC(20:5)	LPC(20:5)	LPC
ll_TG(51:2)	TG(51:2)	TG
ll_TG(51:4)	TG(51:4)	TG
ll_PC(O-36:6)	PC(O-36:6)	PC
ll_TG(54:5)	TG(54:5)	TG
ll_TG(46:1)	TG(46:1)	TG
ll_Cer(d18:1/22:1)	Cer(d18:1/22:1)	Cer
ll_TG(54:7)	TG(54:7)	TG
ll_TG(46:2)	TG(46:2)	TG
ll_TG(50:0)	TG(50:0)	TG
ll_PE(36:4)	PE(36:4)	PE
ll_TG(51:1)	TG(51:1)	TG
ll_TG(48:2)	TG(48:2)	TG
ll_CE(18:1)	CE(18:1)	CE
ll_TG(54:6)	TG(54:6)	TG
ll_TG(51:3)	TG(51:3)	TG
ll_Cer(d18:1/16:0)	Cer(d18:1/16:0)	Cer
ll_TG(52:4)	TG(52:4)	TG
ll_TG(56:6)	TG(56:6)	TG
ll_TG(48:0)	TG(48:0)	TG
ll_CE(18:2)	CE(18:2)	CE
ll_PC(40:7)	PC(40:7)	PC
ll_TG(52:1)	TG(52:1)	TG
ll_PE(34:2)	PE(34:2)	PE
ll_TG(56:3)	TG(56:3)	TG
ll_PC(40:8)	PC(40:8)	PC
ll_TG(48:1)	TG(48:1)	TG
ll_TG(54:4)	TG(54:4)	TG
ll_TG(56:5)	TG(56:5)	TG
ll_TG(52:5)	TG(52:5)	TG
ll_LPE(18:0)	LPE(18:0)	LPE
ll_TG(56:4)	TG(56:4)	TG
ll_TG(50:3)	TG(50:3)	TG
ll_TG(50:4)	TG(50:4)	TG
ll_PE(38:4)	PE(38:4)	PE
ll_TG(48:3)	TG(48:3)	TG
ll_TG(54:2)	TG(54:2)	TG
ll_PC(O-38:6)	PC(O-38:6)	PC
ll_TG(54:3)	TG(54:3)	TG
ll_LPC(O-16:0)	LPC(O-16:0)	LPC
ll_SM(d18:1/18:2)	SM(d18:1/18:2)	SM
ll_PC(40:6)	PC(40:6)	PC
ll_PC(38:5)	PC(38:5)	PC
ll_PC(34:4)	PC(34:4)	PC
ll_PE(O-36:5)	PE(O-36:5)	PE
ll_PC(38:6)	PC(38:6)	PC
ll_PC(O-36:3)	PC(O-36:3)	PC
ll_DG(36:2)	DG(36:2)	DG
ll_SM(d18:1/17:0)	SM(d18:1/17:0)	SM
ll_DG(36:3)	DG(36:3)	DG
ll_TG(50:2)	TG(50:2)	TG
ll_LPC(18:2)	LPC(18:2)	LPC
ll_TG(52:3)	TG(52:3)	TG
ll_PC(O-36:4)	PC(O-36:4)	PC
ll_PE(38:2)	PE(38:2)	PE
ll_LPC(O-18:1)	LPC(O-18:1)	LPC
ll_PC(O-34:2)	PC(O-34:2)	PC
ll_PC(32:1)	PC(32:1)	PC
ll_LPC(22:6)	LPC(22:6)	LPC
ll_LPC(14:0)	LPC(14:0)	LPC
ll_SM(d18:1/21:0)	SM(d18:1/21:0)	SM
ll_TG(50:1)	TG(50:1)	TG
ll_PC(40:5)	PC(40:5)	PC
ll_TG(55:3)	TG(55:3)	TG
ll_SM(d18:1/25:0)	SM(d18:1/25:0)	SM
ll_LPC(O-16:1)	LPC(O-16:1)	LPC
ll_PC(40:4)	PC(40:4)	PC
ll_PC(O-38:4)	PC(O-38:4)	PC
ll_Cer(d18:1/24:1)	Cer(d18:1/24:1)	Cer
ll_PC(O-44:5)	PC(O-44:5)	PC
ll_TG(52:2)	TG(52:2)	TG
ll_PC(32:2)	PC(32:2)	PC
ll_PC(38:3)	PC(38:3)	PC
ll_SM(d18:1/14:0)	SM(d18:1/14:0)	SM
ll_SM(d18:1/20:0)	SM(d18:1/20:0)	SM
ll_LPC(20:3)	LPC(20:3)	LPC
ll_TG(55:2)	TG(55:2)	TG
ll_PC(O-38:5)	PC(O-38:5)	PC
ll_SM(d18:1/24:0)	SM(d18:1/24:0)	SM
ll_PC(36:3)	PC(36:3)	PC
ll_SM(d18:1/15:0)	SM(d18:1/15:0)	SM
ll_SM(d18:1/18:0)	SM(d18:1/18:0)	SM
ll_SM(d18:1/25:1)	SM(d18:1/25:1)	SM
ll_SM(d18:1/23:0)	SM(d18:1/23:0)	SM
ll_SM(d18:1/22:0)	SM(d18:1/22:0)	SM
ll_LPC(20:4)	LPC(20:4)	LPC
ll_PC(38:4)	PC(38:4)	PC
ll_PC(O-40:6)	PC(O-40:6)	PC
ll_PC(O-36:5)	PC(O-36:5)	PC
ll_SM(d18:1/18:1)	SM(d18:1/18:1)	SM
ll_LPC(18:1)	LPC(18:1)	LPC
ll_PC(34:3)	PC(34:3)	PC
ll_SM(d18:1/23:1)	SM(d18:1/23:1)	SM
ll_PC(36:4)	PC(36:4)	PC
ll_SM(d18:1/22:1)	SM(d18:1/22:1)	SM
ll_PC(32:0)	PC(32:0)	PC
ll_SM(d18:1/24:2)	SM(d18:1/24:2)	SM
ll_SM(d18:1/24:1)	SM(d18:1/24:1)	SM
ll_PC(O-34:3)	PC(O-34:3)	PC
ll_SM(d18:1/16:1)	SM(d18:1/16:1)	SM
ll_SM(d18:1/16:0)	SM(d18:1/16:0)	SM
ll_SM(d18:1/20:1)	SM(d18:1/20:1)	SM
ll_LPC(16:1)	LPC(16:1)	LPC
ll_Cer(d18:1/24:0)	Cer(d18:1/24:0)	Cer
ll_LPC(16:0)	LPC(16:0)	LPC
ll_Cer(d18:1/23:0)	Cer(d18:1/23:0)	Cer
ll_LPC(18:0)	LPC(18:0)	LPC
ll_PC(36:1)	PC(36:1)	PC
ll_PC(O-34:1)	PC(O-34:1)	PC
ll_PC(38:2)	PC(38:2)	PC
ll_Cer(d18:1/22:0)	Cer(d18:1/22:0)	Cer
ll_PC(34:1)	PC(34:1)	PC
ll_PC(O-36:2)	PC(O-36:2)	PC
ll_PC(36:2)	PC(36:2)	PC
ll_PE(36:3)	PE(36:3)	PE
ll_PC(34:2)	PC(34:2)	PC
