Name1	Name2	Description	MainClass	SubClass1	SubClass2	SubClass3	SubClass4	boInclude
XXL-VLDL-P	XXL-VLDL-P	Concentration of chylomicrons and extremely large VLDL particles	Lipoprotein	XXL	VLDL	P		TRUE
XXL-VLDL-L	XXL-VLDL-L	Total lipids in chylomicrons and extremely large VLDL 	Lipoprotein	XXL	VLDL	L	Total	FALSE
XXL-VLDL-PL	XXL-VLDL-PL	Phospholipids in chylomicrons and extremely large VLDL 	Lipoprotein	XXL	VLDL	PL		FALSE
XXL-VLDL-C	XXL-VLDL-C	Total cholesterol in chylomicrons and extremely large VLDL 	Lipoprotein	XXL	VLDL	C	Total	FALSE
XXL-VLDL-CE	XXL-VLDL-CE	Cholesterol esters in chylomicrons and extremely large VLDL 	Lipoprotein	XXL	VLDL	CE		FALSE
XXL-VLDL-FC	XXL-VLDL-FC	Free cholesterol in chylomicrons and extremely large VLDL 	Lipoprotein	XXL	VLDL	FC		FALSE
XXL-VLDL-TG	XXL-VLDL-TG	Triglycerides in chylomicrons and extremely large VLDL 	Lipoprotein	XXL	VLDL	TG		FALSE
XL-VLDL-P	XL-VLDL-P	Concentration of very large VLDL particles	Lipoprotein	XL	VLDL	P		TRUE
XL-VLDL-L	XL-VLDL-L	Total lipids in very large VLDL 	Lipoprotein	XL	VLDL	L	Total	FALSE
XL-VLDL-PL	XL-VLDL-PL	Phospholipids in very large VLDL 	Lipoprotein	XL	VLDL	PL		FALSE
XL-VLDL-C	XL-VLDL-C	Total cholesterol in very large VLDL 	Lipoprotein	XL	VLDL	C	Total	FALSE
XL-VLDL-CE	XL-VLDL-CE	Cholesterol esters in very large VLDL 	Lipoprotein	XL	VLDL	CE		FALSE
XL-VLDL-FC	XL-VLDL-FC	Free cholesterol in very large VLDL 	Lipoprotein	XL	VLDL	FC		FALSE
XL-VLDL-TG	XL-VLDL-TG	Triglycerides in very large VLDL 	Lipoprotein	XL	VLDL	TG		FALSE
L-VLDL-P	L-VLDL-P	Concentration of large VLDL particles	Lipoprotein	L	VLDL	P		TRUE
L-VLDL-L	L-VLDL-L	Total lipids in large VLDL 	Lipoprotein	L	VLDL	L	Total	FALSE
L-VLDL-PL	L-VLDL-PL	Phospholipids in large VLDL 	Lipoprotein	L	VLDL	PL		FALSE
L-VLDL-C	L-VLDL-C	Total cholesterol in large VLDL 	Lipoprotein	L	VLDL	C	Total	FALSE
L-VLDL-CE	L-VLDL-CE	Cholesterol esters in large VLDL 	Lipoprotein	L	VLDL	CE		FALSE
L-VLDL-FC	L-VLDL-FC	Free cholesterol in large VLDL 	Lipoprotein	L	VLDL	FC		FALSE
L-VLDL-TG	L-VLDL-TG	Triglycerides in large VLDL 	Lipoprotein	L	VLDL	TG		FALSE
M-VLDL-P	M-VLDL-P	Concentration of medium VLDL particles	Lipoprotein	M	VLDL	P		TRUE
M-VLDL-L	M-VLDL-L	Total lipids in medium VLDL 	Lipoprotein	M	VLDL	L	Total	FALSE
M-VLDL-PL	M-VLDL-PL	Phospholipids in medium VLDL 	Lipoprotein	M	VLDL	PL		FALSE
M-VLDL-C	M-VLDL-C	Total cholesterol in medium VLDL 	Lipoprotein	M	VLDL	C	Total	FALSE
M-VLDL-CE	M-VLDL-CE	Cholesterol esters in medium VLDL 	Lipoprotein	M	VLDL	CE		FALSE
M-VLDL-FC	M-VLDL-FC	Free cholesterol in medium VLDL 	Lipoprotein	M	VLDL	FC		FALSE
M-VLDL-TG	M-VLDL-TG	Triglycerides in medium VLDL 	Lipoprotein	M	VLDL	TG		FALSE
S-VLDL-P	S-VLDL-P	Concentration of small VLDL particles	Lipoprotein	S	VLDL	P		TRUE
S-VLDL-L	S-VLDL-L	Total lipids in small VLDL 	Lipoprotein	S	VLDL	L	Total	FALSE
S-VLDL-PL	S-VLDL-PL	Phospholipids in small VLDL 	Lipoprotein	S	VLDL	PL		FALSE
S-VLDL-C	S-VLDL-C	Total cholesterol in small VLDL 	Lipoprotein	S	VLDL	C	Total	FALSE
S-VLDL-CE	S-VLDL-CE	Cholesterol esters in small VLDL 	Lipoprotein	S	VLDL	CE		FALSE
S-VLDL-FC	S-VLDL-FC	Free cholesterol in small VLDL 	Lipoprotein	S	VLDL	FC		FALSE
S-VLDL-TG	S-VLDL-TG	Triglycerides in small VLDL 	Lipoprotein	S	VLDL	TG		FALSE
XS-VLDL-P	XS-VLDL-P	Concentration of very small VLDL particles	Lipoprotein	XS	VLDL	P		TRUE
XS-VLDL-L	XS-VLDL-L	Total lipids in very small VLDL 	Lipoprotein	XS	VLDL	L	Total	FALSE
XS-VLDL-PL	XS-VLDL-PL	Phospholipids in very small VLDL 	Lipoprotein	XS	VLDL	PL		FALSE
XS-VLDL-C	XS-VLDL-C	Total cholesterol in very small VLDL 	Lipoprotein	XS	VLDL	C	Total	FALSE
XS-VLDL-CE	XS-VLDL-CE	Cholesterol esters in very small VLDL 	Lipoprotein	XS	VLDL	CE		FALSE
XS-VLDL-FC	XS-VLDL-FC	Free cholesterol in very small VLDL 	Lipoprotein	XS	VLDL	FC		FALSE
XS-VLDL-TG	XS-VLDL-TG	Triglycerides in very small VLDL 	Lipoprotein	XS	VLDL	TG		FALSE
IDL-P	IDL-P	Concentration of IDL particles	Lipoprotein		IDL	P		TRUE
IDL-L	IDL-L	Total lipids in IDL 	Lipoprotein		IDL	L	Total	FALSE
IDL-PL	IDL-PL	Phospholipids in IDL 	Lipoprotein		IDL	PL		FALSE
IDL-C	IDL-C	Total cholesterol in IDL 	Lipoprotein		IDL	C	Total	FALSE
IDL-CE	IDL-CE	Cholesterol esters in IDL 	Lipoprotein		IDL	CE		FALSE
IDL-FC	IDL-FC	Free cholesterol in IDL 	Lipoprotein		IDL	FC		FALSE
IDL-TG	IDL-TG	Triglycerides in IDL 	Lipoprotein		IDL	TG		FALSE
L-LDL-P	L-LDL-P	Concentration of large LDL particles	Lipoprotein	L	LDL	P		TRUE
L-LDL-L	L-LDL-L	Total lipids in large LDL 	Lipoprotein	L	LDL	L	Total	FALSE
L-LDL-PL	L-LDL-PL	Phospholipids in large LDL 	Lipoprotein	L	LDL	PL		FALSE
L-LDL-C	L-LDL-C	Total cholesterol in large LDL 	Lipoprotein	L	LDL	C	Total	FALSE
L-LDL-CE	L-LDL-CE	Cholesterol esters in large LDL 	Lipoprotein	L	LDL	CE		FALSE
L-LDL-FC	L-LDL-FC	Free cholesterol in large LDL 	Lipoprotein	L	LDL	FC		FALSE
L-LDL-TG	L-LDL-TG	Triglycerides in large LDL 	Lipoprotein	L	LDL	TG		FALSE
M-LDL-P	M-LDL-P	Concentration of medium LDL particles	Lipoprotein	M	LDL	P		TRUE
M-LDL-L	M-LDL-L	Total lipids in medium LDL 	Lipoprotein	M	LDL	L	Total	FALSE
M-LDL-PL	M-LDL-PL	Phospholipids in medium LDL 	Lipoprotein	M	LDL	PL		FALSE
M-LDL-C	M-LDL-C	Total cholesterol in medium LDL 	Lipoprotein	M	LDL	C	Total	FALSE
M-LDL-CE	M-LDL-CE	Cholesterol esters in medium LDL 	Lipoprotein	M	LDL	CE		FALSE
M-LDL-FC	M-LDL-FC	Free cholesterol in medium LDL 	Lipoprotein	M	LDL	FC		FALSE
M-LDL-TG	M-LDL-TG	Triglycerides in medium LDL 	Lipoprotein	M	LDL	TG		FALSE
S-LDL-P	S-LDL-P	Concentration of small LDL particles	Lipoprotein	S	LDL	P		TRUE
S-LDL-L	S-LDL-L	Total lipids in small LDL 	Lipoprotein	S	LDL	L	Total	FALSE
S-LDL-PL	S-LDL-PL	Phospholipids in small LDL 	Lipoprotein	S	LDL	PL		FALSE
S-LDL-C	S-LDL-C	Total cholesterol in small LDL 	Lipoprotein	S	LDL	C	Total	FALSE
S-LDL-CE	S-LDL-CE	Cholesterol esters in small LDL 	Lipoprotein	S	LDL	CE		FALSE
S-LDL-FC	S-LDL-FC	Free cholesterol in small LDL 	Lipoprotein	S	LDL	FC		FALSE
S-LDL-TG	S-LDL-TG	Triglycerides in small LDL 	Lipoprotein	S	LDL	TG		FALSE
XL-HDL-P	XL-HDL-P	Concentration of very large HDL particles	Lipoprotein	XL	HDL	P		TRUE
XL-HDL-L	XL-HDL-L	Total lipids in very large HDL 	Lipoprotein	XL	HDL	L	Total	FALSE
XL-HDL-PL	XL-HDL-PL	Phospholipids in very large HDL 	Lipoprotein	XL	HDL	PL		FALSE
XL-HDL-C	XL-HDL-C	Total cholesterol in very large HDL 	Lipoprotein	XL	HDL	C	Total	FALSE
XL-HDL-CE	XL-HDL-CE	Cholesterol esters in very large HDL 	Lipoprotein	XL	HDL	CE		FALSE
XL-HDL-FC	XL-HDL-FC	Free cholesterol in very large HDL 	Lipoprotein	XL	HDL	FC		FALSE
XL-HDL-TG	XL-HDL-TG	Triglycerides in very large HDL 	Lipoprotein	XL	HDL	TG		FALSE
L-HDL-P	L-HDL-P	Concentration of large HDL particles	Lipoprotein	L	HDL	P		TRUE
L-HDL-L	L-HDL-L	Total lipids in large HDL 	Lipoprotein	L	HDL	L	Total	FALSE
L-HDL-PL	L-HDL-PL	Phospholipids in large HDL 	Lipoprotein	L	HDL	PL		FALSE
L-HDL-C	L-HDL-C	Total cholesterol in large HDL 	Lipoprotein	L	HDL	C	Total	FALSE
L-HDL-CE	L-HDL-CE	Cholesterol esters in large HDL 	Lipoprotein	L	HDL	CE		FALSE
L-HDL-FC	L-HDL-FC	Free cholesterol in large HDL 	Lipoprotein	L	HDL	FC		FALSE
L-HDL-TG	L-HDL-TG	Triglycerides in large HDL 	Lipoprotein	L	HDL	TG		FALSE
M-HDL-P	M-HDL-P	Concentration of medium HDL particles	Lipoprotein	M	HDL	P		TRUE
M-HDL-L	M-HDL-L	Total lipids in medium HDL 	Lipoprotein	M	HDL	L	Total	FALSE
M-HDL-PL	M-HDL-PL	Phospholipids in medium HDL 	Lipoprotein	M	HDL	PL		FALSE
M-HDL-C	M-HDL-C	Total cholesterol in medium HDL 	Lipoprotein	M	HDL	C	Total	FALSE
M-HDL-CE	M-HDL-CE	Cholesterol esters in medium HDL 	Lipoprotein	M	HDL	CE		FALSE
M-HDL-FC	M-HDL-FC	Free cholesterol in medium HDL 	Lipoprotein	M	HDL	FC		FALSE
M-HDL-TG	M-HDL-TG	Triglycerides in medium HDL 	Lipoprotein	M	HDL	TG		FALSE
S-HDL-P	S-HDL-P	Concentration of small HDL particles	Lipoprotein	S	HDL	P		TRUE
S-HDL-L	S-HDL-L	Total lipids in small HDL 	Lipoprotein	S	HDL	L	Total	FALSE
S-HDL-PL	S-HDL-PL	Phospholipids in small HDL 	Lipoprotein	S	HDL	PL		FALSE
S-HDL-C	S-HDL-C	Total cholesterol in small HDL 	Lipoprotein	S	HDL	C	Total	FALSE
S-HDL-CE	S-HDL-CE	Cholesterol esters in small HDL 	Lipoprotein	S	HDL	CE		FALSE
S-HDL-FC	S-HDL-FC	Free cholesterol in small HDL 	Lipoprotein	S	HDL	FC		FALSE
S-HDL-TG	S-HDL-TG	Triglycerides in small HDL 	Lipoprotein	S	HDL	TG		FALSE
XXL-VLDL-PL_%	XXL-VLDL-PL_Percentage	Phospholipids to total lipds ratio in chylomicrons and extremely large VLDL 	Lipoprotein	XXL	VLDL	PL	Ratio	FALSE
XXL-VLDL-C_%	XXL-VLDL-C_Percentage	Total cholesterol to total lipids ratio in chylomicrons and extremely large VLDL 	Lipoprotein	XXL	VLDL	C	Ratio	FALSE
XXL-VLDL-CE_%	XXL-VLDL-CE_Percentage	Cholesterol esters to total lipids ratio in chylomicrons and extremely large VLDL 	Lipoprotein	XXL	VLDL	CE	Ratio	FALSE
XXL-VLDL-FC_%	XXL-VLDL-FC_Percentage	Free cholesterol to total lipids ratio in chylomicrons and extremely large VLDL 	Lipoprotein	XXL	VLDL	FC	Ratio	FALSE
XXL-VLDL-TG_%	XXL-VLDL-TG_Percentage	Triglycerides to total lipids ratio in chylomicrons and extremely large VLDL 	Lipoprotein	XXL	VLDL	TG	Ratio	FALSE
XL-VLDL-PL_%	XL-VLDL-PL_Percentage	Phospholipids to total lipds ratio in very large VLDL 	Lipoprotein	XL	VLDL	PL	Ratio	FALSE
XL-VLDL-C_%	XL-VLDL-C_Percentage	Total cholesterol to total lipids ratio in very large VLDL 	Lipoprotein	XL	VLDL	C	Ratio	FALSE
XL-VLDL-CE_%	XL-VLDL-CE_Percentage	Cholesterol esters to total lipids ratio in very large VLDL 	Lipoprotein	XL	VLDL	CE	Ratio	FALSE
XL-VLDL-FC_%	XL-VLDL-FC_Percentage	Free cholesterol to total lipids ratio in very large VLDL 	Lipoprotein	XL	VLDL	FC	Ratio	FALSE
XL-VLDL-TG_%	XL-VLDL-TG_Percentage	Triglycerides to total lipids ratio in very large VLDL 	Lipoprotein	XL	VLDL	TG	Ratio	FALSE
L-VLDL-PL_%	L-VLDL-PL_Percentage	Phospholipids to total lipds ratio in large VLDL 	Lipoprotein	L	VLDL	PL	Ratio	FALSE
L-VLDL-C_%	L-VLDL-C_Percentage	Total cholesterol to total lipids ratio in large VLDL 	Lipoprotein	L	VLDL	C	Ratio	FALSE
L-VLDL-CE_%	L-VLDL-CE_Percentage	Cholesterol esters to total lipids ratio in large VLDL 	Lipoprotein	L	VLDL	CE	Ratio	FALSE
L-VLDL-FC_%	L-VLDL-FC_Percentage	Free cholesterol to total lipids ratio in large VLDL 	Lipoprotein	L	VLDL	FC	Ratio	FALSE
L-VLDL-TG_%	L-VLDL-TG_Percentage	Triglycerides to total lipids ratio in large VLDL 	Lipoprotein	L	VLDL	TG	Ratio	FALSE
M-VLDL-PL_%	M-VLDL-PL_Percentage	Phospholipids to total lipds ratio in medium VLDL 	Lipoprotein	M	VLDL	PL	Ratio	FALSE
M-VLDL-C_%	M-VLDL-C_Percentage	Total cholesterol to total lipids ratio in medium VLDL 	Lipoprotein	M	VLDL	C	Ratio	FALSE
M-VLDL-CE_%	M-VLDL-CE_Percentage	Cholesterol esters to total lipids ratio in medium VLDL 	Lipoprotein	M	VLDL	CE	Ratio	FALSE
M-VLDL-FC_%	M-VLDL-FC_Percentage	Free cholesterol to total lipids ratio in medium VLDL 	Lipoprotein	M	VLDL	FC	Ratio	FALSE
M-VLDL-TG_%	M-VLDL-TG_Percentage	Triglycerides to total lipids ratio in medium VLDL 	Lipoprotein	M	VLDL	TG	Ratio	FALSE
S-VLDL-PL_%	S-VLDL-PL_Percentage	Phospholipids to total lipds ratio in small VLDL 	Lipoprotein	S	VLDL	PL	Ratio	FALSE
S-VLDL-C_%	S-VLDL-C_Percentage	Total cholesterol to total lipids ratio in small VLDL 	Lipoprotein	S	VLDL	C	Ratio	FALSE
S-VLDL-CE_%	S-VLDL-CE_Percentage	Cholesterol esters to total lipids ratio in small VLDL 	Lipoprotein	S	VLDL	CE	Ratio	FALSE
S-VLDL-FC_%	S-VLDL-FC_Percentage	Free cholesterol to total lipids ratio in small VLDL 	Lipoprotein	S	VLDL	FC	Ratio	FALSE
S-VLDL-TG_%	S-VLDL-TG_Percentage	Triglycerides to total lipids ratio in small VLDL 	Lipoprotein	S	VLDL	TG	Ratio	FALSE
XS-VLDL-PL_%	XS-VLDL-PL_Percentage	Phospholipids to total lipds ratio in very small VLDL 	Lipoprotein	XS	VLDL	PL	Ratio	FALSE
XS-VLDL-C_%	XS-VLDL-C_Percentage	Total cholesterol to total lipids ratio in very small VLDL 	Lipoprotein	XS	VLDL	C	Ratio	FALSE
XS-VLDL-CE_%	XS-VLDL-CE_Percentage	Cholesterol esters to total lipids ratio in very small VLDL 	Lipoprotein	XS	VLDL	CE	Ratio	FALSE
XS-VLDL-FC_%	XS-VLDL-FC_Percentage	Free cholesterol to total lipids ratio in very small VLDL 	Lipoprotein	XS	VLDL	FC	Ratio	FALSE
XS-VLDL-TG_%	XS-VLDL-TG_Percentage	Triglycerides to total lipids ratio in very small VLDL 	Lipoprotein	XS	VLDL	TG	Ratio	FALSE
IDL-PL_%	IDL-PL_Percentage	Phospholipids to total lipds ratio in IDL 	Lipoprotein		IDL	PL	Ratio	FALSE
IDL-C_%	IDL-C_Percentage	Total cholesterol to total lipids ratio in IDL 	Lipoprotein		IDL	C	Ratio	FALSE
IDL-CE_%	IDL-CE_Percentage	Cholesterol esters to total lipids ratio in IDL 	Lipoprotein		IDL	CE	Ratio	FALSE
IDL-FC_%	IDL-FC_Percentage	Free cholesterol to total lipids ratio in IDL 	Lipoprotein		IDL	FC	Ratio	FALSE
IDL-TG_%	IDL-TG_Percentage	Triglycerides to total lipids ratio in IDL 	Lipoprotein		IDL	TG	Ratio	FALSE
L-LDL-PL_%	L-LDL-PL_Percentage	Phospholipids to total lipds ratio in large LDL 	Lipoprotein	L	LDL	PL	Ratio	FALSE
L-LDL-C_%	L-LDL-C_Percentage	Total cholesterol to total lipids ratio in large LDL 	Lipoprotein	L	LDL	C	Ratio	FALSE
L-LDL-CE_%	L-LDL-CE_Percentage	Cholesterol esters to total lipids ratio in large LDL 	Lipoprotein	L	LDL	CE	Ratio	FALSE
L-LDL-FC_%	L-LDL-FC_Percentage	Free cholesterol to total lipids ratio in large LDL 	Lipoprotein	L	LDL	FC	Ratio	FALSE
L-LDL-TG_%	L-LDL-TG_Percentage	Triglycerides to total lipids ratio in large LDL 	Lipoprotein	L	LDL	TG	Ratio	FALSE
M-LDL-PL_%	M-LDL-PL_Percentage	Phospholipids to total lipds ratio in medium LDL 	Lipoprotein	M	LDL	PL	Ratio	FALSE
M-LDL-C_%	M-LDL-C_Percentage	Total cholesterol to total lipids ratio in medium LDL 	Lipoprotein	M	LDL	C	Ratio	FALSE
M-LDL-CE_%	M-LDL-CE_Percentage	Cholesterol esters to total lipids ratio in medium LDL 	Lipoprotein	M	LDL	CE	Ratio	FALSE
M-LDL-FC_%	M-LDL-FC_Percentage	Free cholesterol to total lipids ratio in medium LDL 	Lipoprotein	M	LDL	FC	Ratio	FALSE
M-LDL-TG_%	M-LDL-TG_Percentage	Triglycerides to total lipids ratio in medium LDL 	Lipoprotein	M	LDL	TG	Ratio	FALSE
S-LDL-PL_%	S-LDL-PL_Percentage	Phospholipids to total lipds ratio in small LDL 	Lipoprotein	S	LDL	PL	Ratio	FALSE
S-LDL-C_%	S-LDL-C_Percentage	Total cholesterol to total lipids ratio in small LDL 	Lipoprotein	S	LDL	C	Ratio	FALSE
S-LDL-CE_%	S-LDL-CE_Percentage	Cholesterol esters to total lipids ratio in small LDL 	Lipoprotein	S	LDL	CE	Ratio	FALSE
S-LDL-FC_%	S-LDL-FC_Percentage	Free cholesterol to total lipids ratio in small LDL 	Lipoprotein	S	LDL	FC	Ratio	FALSE
S-LDL-TG_%	S-LDL-TG_Percentage	Triglycerides to total lipids ratio in small LDL 	Lipoprotein	S	LDL	TG	Ratio	FALSE
XL-HDL-PL_%	XL-HDL-PL_Percentage	Phospholipids to total lipds ratio in very large HDL 	Lipoprotein	XL	HDL	PL	Ratio	FALSE
XL-HDL-C_%	XL-HDL-C_Percentage	Total cholesterol to total lipids ratio in very large HDL 	Lipoprotein	XL	HDL	C	Ratio	FALSE
XL-HDL-CE_%	XL-HDL-CE_Percentage	Cholesterol esters to total lipids ratio in very large HDL 	Lipoprotein	XL	HDL	CE	Ratio	FALSE
XL-HDL-FC_%	XL-HDL-FC_Percentage	Free cholesterol to total lipids ratio in very large HDL 	Lipoprotein	XL	HDL	FC	Ratio	FALSE
XL-HDL-TG_%	XL-HDL-TG_Percentage	Triglycerides to total lipids ratio in very large HDL 	Lipoprotein	XL	HDL	TG	Ratio	FALSE
L-HDL-PL_%	L-HDL-PL_Percentage	Phospholipids to total lipds ratio in large HDL 	Lipoprotein	L	HDL	PL	Ratio	FALSE
L-HDL-C_%	L-HDL-C_Percentage	Total cholesterol to total lipids ratio in large HDL 	Lipoprotein	L	HDL	C	Ratio	FALSE
L-HDL-CE_%	L-HDL-CE_Percentage	Cholesterol esters to total lipids ratio in large HDL 	Lipoprotein	L	HDL	CE	Ratio	FALSE
L-HDL-FC_%	L-HDL-FC_Percentage	Free cholesterol to total lipids ratio in large HDL 	Lipoprotein	L	HDL	FC	Ratio	FALSE
L-HDL-TG_%	L-HDL-TG_Percentage	Triglycerides to total lipids ratio in large HDL 	Lipoprotein	L	HDL	TG	Ratio	FALSE
M-HDL-PL_%	M-HDL-PL_Percentage	Phospholipids to total lipds ratio in medium HDL 	Lipoprotein	M	HDL	PL	Ratio	FALSE
M-HDL-C_%	M-HDL-C_Percentage	Total cholesterol to total lipids ratio in medium HDL 	Lipoprotein	M	HDL	C	Ratio	FALSE
M-HDL-CE_%	M-HDL-CE_Percentage	Cholesterol esters to total lipids ratio in medium HDL 	Lipoprotein	M	HDL	CE	Ratio	FALSE
M-HDL-FC_%	M-HDL-FC_Percentage	Free cholesterol to total lipids ratio in medium HDL 	Lipoprotein	M	HDL	FC	Ratio	FALSE
M-HDL-TG_%	M-HDL-TG_Percentage	Triglycerides to total lipids ratio in medium HDL 	Lipoprotein	M	HDL	TG	Ratio	FALSE
S-HDL-PL_%	S-HDL-PL_Percentage	Phospholipids to total lipds ratio in small HDL 	Lipoprotein	S	HDL	PL	Ratio	FALSE
S-HDL-C_%	S-HDL-C_Percentage	Total cholesterol to total lipids ratio in small HDL 	Lipoprotein	S	HDL	C	Ratio	FALSE
S-HDL-CE_%	S-HDL-CE_Percentage	Cholesterol esters to total lipids ratio in small HDL 	Lipoprotein	S	HDL	CE	Ratio	FALSE
S-HDL-FC_%	S-HDL-FC_Percentage	Free cholesterol to total lipids ratio in small HDL 	Lipoprotein	S	HDL	FC	Ratio	FALSE
S-HDL-TG_%	S-HDL-TG_Percentage	Triglycerides to total lipids ratio in small HDL 	Lipoprotein	S	HDL	TG	Ratio	FALSE
VLDL-D	VLDL-D	Mean diameter for VLDL particles	Lipoprotein		VLDL	D		TRUE
LDL-D	LDL-D	Mean diameter for LDL particles	Lipoprotein		LDL	D		TRUE
HDL-D	HDL-D	Mean diameter for HDL particles	Lipoprotein		HDL	D		TRUE
Serum-C	Serum-C	Serum total cholesterol	Cholesterol				Total	TRUE
VLDL-C	VLDL-C	Total cholesterol in VLDL	Cholesterol				Total	TRUE
Remnant-C	Remnant-C	Remnant cholesterol (non-HDL, non-LDL -cholesterol)	Cholesterol					TRUE
LDL-C	LDL-C	Total cholesterol in LDL	Cholesterol				Total	TRUE
HDL-C	HDL-C	Total cholesterol in HDL	Cholesterol				Total	TRUE
HDL2-C	HDL2-C	Total cholesterol in HDL2	Cholesterol				Total	TRUE
HDL3-C	HDL3-C	Total cholesterol in HDL3	Cholesterol				Total	TRUE
EstC	EstC	Esterified cholesterol	Cholesterol					TRUE
FreeC	FreeC	Free cholesterol	Cholesterol					TRUE
Serum-TG	Serum-TG	Serum total triglycerides	Glycerides and phospholipids				Total	FALSE
VLDL-TG	VLDL-TG	Triglycerides in VLDL	Glycerides and phospholipids					TRUE
LDL-TG	LDL-TG	Triglycerides in LDL	Glycerides and phospholipids					TRUE
HDL-TG	HDL-TG	Triglycerides in HDL	Glycerides and phospholipids					TRUE
DAG	DAG	Diacylglycerol	Glycerides and phospholipids					TRUE
DAG/TG	DAG/TG	Ratio of diacylglycerol to triglycerides	Glycerides and phospholipids				Ratio	FALSE
TotPG	TotPG	Total phosphoglycerides	Glycerides and phospholipids				Total	FALSE
TG/PG	TG/PG	Ratio of triglycerides to phosphoglycerides	Glycerides and phospholipids				Ratio	FALSE
PC	PC	Phosphatidylcholine and other cholines	Glycerides and phospholipids					TRUE
SM	SM	Sphingomyelins	Glycerides and phospholipids					TRUE
TotCho	TotCho	Total cholines	Glycerides and phospholipids				Total	FALSE
ApoA1	ApoA1	Apolipoprotein A-I	Apolipoproteins					TRUE
ApoB	ApoB	Apolipoprotein B	Apolipoproteins					TRUE
ApoB/ApoA1	ApoB/ApoA1	Ratio of apolipoprotein B to apolipoprotein A-I	Apolipoproteins				Ratio	FALSE
TotFA	TotFA	Total fatty acids	Fatty acid				Total	FALSE
FALen	FALen	Estimated description of fatty acid chain length, not actual carbon number	Fatty acid					TRUE
UnsatDeg	UnsatDeg	Estimated degree of unsaturation	Fatty acid					TRUE
DHA	DHA	22:6, docosahexaenoic acid	Fatty acid					TRUE
LA	LA	18:2, linoleic acid	Fatty acid					TRUE
CLA	CLA	Conjugated linoleic acid	Fatty acid					TRUE
FAw3	FAw3	Omega-3 fatty acids	Fatty acid					TRUE
FAw6	FAw6	Omega-6 fatty acids	Fatty acid					TRUE
PUFA	PUFA	Polyunsaturated fatty acids	Fatty acid					TRUE
MUFA	MUFA	Monounsaturated fatty acids; 16:1, 18:1	Fatty acid					TRUE
SFA	SFA	Saturated fatty acids	Fatty acid					TRUE
DHA/FA	DHA/FA	Ratio of 22:6 docosahexaenoic acid to total fatty acids	Fatty acid				Ratio	FALSE
LA/FA	LA/FA	Ratio of 18:2 linoleic acid to total fatty acids	Fatty acid				Ratio	FALSE
CLA/FA	CLA/FA	Ratio of conjugated linoleic acid to total fatty acids	Fatty acid				Ratio	FALSE
FAw3/FA	FAw3/FA	Ratio of omega-3 fatty acids to total fatty acids	Fatty acid				Ratio	FALSE
FAw6/FA	FAw6/FA	Ratio of omega-6 fatty acids to total fatty acids	Fatty acid				Ratio	FALSE
PUFA/FA	PUFA/FA	Ratio of polyunsaturated fatty acids to total fatty acids	Fatty acid				Ratio	FALSE
MUFA/FA	MUFA/FA	Ratio of monounsaturated fatty acids to total fatty acids	Fatty acid				Ratio	FALSE
SFA/FA	SFA/FA	Ratio of saturated fatty acids to total fatty acids	Fatty acid				Ratio	FALSE
Glc	Glc	Glucose	Glycolysis related	Sugar				TRUE
Lac	Lac	Lactate	Glycolysis related	Sugar				TRUE
Pyr	Pyr	Pyruvate	Glycolysis related	Sugar				TRUE
Cit	Cit	Citrate	Glycolysis related	Sugar				TRUE
Ala	Ala	Alanine	Amino acid					TRUE
Gln	Gln	Glutamine	Amino acid					TRUE
His	His	Histidine	Amino acid					TRUE
Ile	Ile	Isoleucine	Amino acid	Branched chain				TRUE
Leu	Leu	Leucine	Amino acid	Branched chain				TRUE
Val	Val	Valine	Amino acid	Branched chain				TRUE
Phe	Phe	Phenylalanine	Amino acid	Aromatic				TRUE
Tyr	Tyr	Tyrosine	Amino acid	Aromatic				TRUE
Ace	Ace	Acetate	Ketone bodies					TRUE
AcAce	AcAce	Acetoacetate	Ketone bodies					TRUE
bOHBut	bOHBut	3-hydroxybutyrate	Ketone bodies					TRUE
Crea	Crea	Creatinine	Fluid balance					TRUE
Alb	Alb	Albumin	Fluid balance					TRUE
Gp	Gp	Glycoprotein acetyls, mainly a1-acid glycoprotein	Inflammation					TRUE
