ColumnNames	Trait	Class	boInclude
nlbb1_Lipids (CH3)	Lipids (CH3)	composite variable	False
nlbb1_2-Hydroxybutyrate	2-Hydroxybutyrate	Hydroxy acids and derivatives	True
nlbb1_Leucine	Leucine	Carboxylic acids and derivatives	True
nlbb1_Isoleucine	Isoleucine	Carboxylic acids and derivatives	True
nlbb1_Valine	Valine	Carboxylic acids and derivatives	True
nlbb1_3-Hydroxyisobutyrate	3-Hydroxyisobutyrate	Hydroxy acids and derivatives	True
nlbb1_Alpha-ketoisovalerate	Alpha-ketoisovalerate	Keto acids and derivatives	True
nlbb1_Ethanol	Ethanol	Organooxygen compounds	True
nlbb1_3-Hydroxybutyrate	3-Hydroxybutyrate	Hydroxy acids and derivatives	True
nlbb1_Lipids (CH2)	Lipids (CH2)	composite variable	False
nlbb1_Alanine	Alanine	Carboxylic acids and derivatives	True
nlbb1_Acetate	Acetate	Carboxylic acids and derivatives	True
nlbb1_Methionine	Methionine	Carboxylic acids and derivatives	True
nlbb1_Acetone	Acetone	Organooxygen compounds	True
nlbb1_Lipids (CH2CO)	Lipids (CH2CO)	composite variable	False
nlbb1_Glutamate	Glutamate	Carboxylic acids and derivatives	True
nlbb1_Pyruvate / Oxaloacetate	Pyruvate / Oxaloacetate	ratio	False
nlbb1_Succinate	Succinate	Organooxygen compounds	True
nlbb1_Carnitine	Carnitine	Organonitrogen compounds	True
nlbb1_Glutamine	Glutamine	Carboxylic acids and derivatives	True
nlbb1_Citrate	Citrate	Carboxylic acids and derivatives	True
nlbb1_Ca-EDTA	Ca-EDTA	Carboxylic acids and derivatives	True
nlbb1_Mg-EDTA	Mg-EDTA	Carboxylic acids and derivatives	True
nlbb1_DMA	DMA	Organonitrogen compounds	True
nlbb1_Dimethylglycine	Dimethylglycine	Carboxylic acids and derivatives	True
nlbb1_Alpha-ketoglutarate	Alpha-ketoglutarate	Keto acids and derivatives	True
nlbb1_Lysine	Lysine	Carboxylic acids and derivatives	True
nlbb1_Ornithine	Ornithine	Carboxylic acids and derivatives	True
nlbb1_TMAO / Betaine	TMAO / Betaine	ratio	False
nlbb1_1,5-Anhydrosorbitol	1,5-Anhydrosorbitol	Organooxygen compounds	True
nlbb1_Myoinositol	Myoinositol	Organooxygen compounds	True
nlbb1_Methanol	Methanol	Organooxygen compounds	True
nlbb1_Glycine	Glycine	Carboxylic acids and derivatives	True
nlbb1_Glycerol	Glycerol	Organooxygen compounds	True
nlbb1_Betaine	Betaine	Carboxylic acids and derivatives	True
nlbb1_Creatine	Creatine	Carboxylic acids and derivatives	True
nlbb1_Creatinine	Creatinine	Carboxylic acids and derivatives	True
nlbb1_Lactate	Lactate	Hydroxy acids and derivatives	True
nlbb1_Proline	Proline	Carboxylic acids and derivatives	True
nlbb1_Glucose	Glucose	Organooxygen compounds	True
nlbb1_Lipids (CH=CH*CH2CH2)	Lipids (CH=CH*CH2CH2)	composite variable	False
nlbb1_Tyrosine	Tyrosine	Carboxylic acids and derivatives	True
nlbb1_Phenylalanine	Phenylalanine	Carboxylic acids and derivatives	True
nlbb1_Formate	Formate	Carboxylic acids and derivatives	True
nlbb2_Lipids (CH3)	Lipids (CH3)	composite variable	False
nlbb2_2-Hydroxybutyrate	2-Hydroxybutyrate	Hydroxy acids and derivatives	True
nlbb2_Leucine	Leucine	Carboxylic acids and derivatives	True
nlbb2_Isoleucine	Isoleucine	Carboxylic acids and derivatives	True
nlbb2_Valine	Valine	Carboxylic acids and derivatives	True
nlbb2_3-Hydroxyisobutyrate	3-Hydroxyisobutyrate	Hydroxy acids and derivatives	True
nlbb2_Alpha-ketoisovalerate	Alpha-ketoisovalerate	Keto acids and derivatives	True
nlbb2_Ethanol	Ethanol	Organooxygen compounds	True
nlbb2_3-Hydroxybutyrate	3-Hydroxybutyrate	Hydroxy acids and derivatives	True
nlbb2_Lipids (CH2)	Lipids (CH2)	composite variable	False
nlbb2_Alanine	Alanine	Carboxylic acids and derivatives	True
nlbb2_Acetate	Acetate	Carboxylic acids and derivatives	True
nlbb2_Methionine	Methionine	Carboxylic acids and derivatives	True
nlbb2_Acetone	Acetone	Organooxygen compounds	True
nlbb2_Lipids (CH2CO)	Lipids (CH2CO)	composite variable	False
nlbb2_Glutamate	Glutamate	Carboxylic acids and derivatives	True
nlbb2_Pyruvate / Oxaloacetate	Pyruvate / Oxaloacetate	ratio	False
nlbb2_Succinate	Succinate	Organooxygen compounds	True
nlbb2_Carnitine	Carnitine	Organonitrogen compounds	True
nlbb2_Glutamine	Glutamine	Carboxylic acids and derivatives	True
nlbb2_Citrate	Citrate	Carboxylic acids and derivatives	True
nlbb2_Ca-EDTA	Ca-EDTA	Carboxylic acids and derivatives	True
nlbb2_Mg-EDTA	Mg-EDTA	Carboxylic acids and derivatives	True
nlbb2_DMA	DMA	Organonitrogen compounds	True
nlbb2_Dimethylglycine	Dimethylglycine	Carboxylic acids and derivatives	True
nlbb2_Alpha-ketoglutarate	Alpha-ketoglutarate	Keto acids and derivatives	True
nlbb2_Lysine	Lysine	Carboxylic acids and derivatives	True
nlbb2_Ornithine	Ornithine	Carboxylic acids and derivatives	True
nlbb2_TMAO / Betaine	TMAO / Betaine	ratio	False
nlbb2_1,5-Anhydrosorbitol	1,5-Anhydrosorbitol	Organooxygen compounds	True
nlbb2_Myoinositol	Myoinositol	Organooxygen compounds	True
nlbb2_Methanol	Methanol	Organooxygen compounds	True
nlbb2_Glycine	Glycine	Carboxylic acids and derivatives	True
nlbb2_Glycerol	Glycerol	Organooxygen compounds	True
nlbb2_Betaine	Betaine	Carboxylic acids and derivatives	True
nlbb2_Creatine	Creatine	Carboxylic acids and derivatives	True
nlbb2_Creatinine	Creatinine	Carboxylic acids and derivatives	True
nlbb2_Lactate	Lactate	Hydroxy acids and derivatives	True
nlbb2_Proline	Proline	Carboxylic acids and derivatives	True
nlbb2_Glucose	Glucose	Organooxygen compounds	True
nlbb2_Lipids (CH=CH*CH2CH2)	Lipids (CH=CH*CH2CH2)	composite variable	False
nlbb2_Tyrosine	Tyrosine	Carboxylic acids and derivatives	True
nlbb2_Phenylalanine	Phenylalanine	Carboxylic acids and derivatives	True
nlbb2_Formate	Formate	Carboxylic acids and derivatives	True
