"KORA Metabolite Short Name"	"Metabolite Short Name"	"Biochemical Class"	"Class"
"C0:0"	"C0"	"acylcarnitines"	"acylcarnitine"
"C10:0"	"C10"	"acylcarnitines"	"acylcarnitine"
"C10:1"	"C10:1"	"acylcarnitines"	"acylcarnitine"
"C10:2"	"C10:2"	"acylcarnitines"	"acylcarnitine"
"C12:0"	"C12"	"acylcarnitines"	"acylcarnitine"
"C12-DC"	"C12-DC"	"acylcarnitines"	"acylcarnitine"
"C12:1"	"C12:1"	"acylcarnitines"	"acylcarnitine"
"C14:0"	"C14"	"acylcarnitines"	"acylcarnitine"
"C14:1"	"C14:1"	"acylcarnitines"	"acylcarnitine"
"C14:1-OH"	"C14:1-OH"	"acylcarnitines"	"acylcarnitine"
"C14:2"	"C14:2"	"acylcarnitines"	"acylcarnitine"
"C14:2-OH"	"C14:2-OH"	"acylcarnitines"	"acylcarnitine"
"C16:0"	"C16"	"acylcarnitines"	"acylcarnitine"
"C16-OH"	"C16-OH"	"acylcarnitines"	"acylcarnitine"
"C16:1"	"C16:1"	"acylcarnitines"	"acylcarnitine"
"C16:1-OH"	"C16:1-OH"	"acylcarnitines"	"acylcarnitine"
"C16:2"	"C16:2"	"acylcarnitines"	"acylcarnitine"
"C16:2-OH"	"C16:2-OH"	"acylcarnitines"	"acylcarnitine"
"C18:0"	"C18"	"acylcarnitines"	"acylcarnitine"
"C18:1"	"C18:1"	"acylcarnitines"	"acylcarnitine"
"C18:1-OH"	"C18:1-OH"	"acylcarnitines"	"acylcarnitine"
"C18:2"	"C18:2"	"acylcarnitines"	"acylcarnitine"
"C2:0"	"C2"	"acylcarnitines"	"acylcarnitine"
"C3:0"	"C3"	"acylcarnitines"	"acylcarnitine"
"C3:0-DC / C4:0-OH"	"C3-DC (C4-OH)"	"acylcarnitines"	"acylcarnitine"
"C3-OH"	"C3-OH"	"acylcarnitines"	"acylcarnitine"
"C3:1"	"C3:1"	"acylcarnitines"	"acylcarnitine"
"C4:0"	"C4"	"acylcarnitines"	"acylcarnitine"
"C4:1"	"C4:1"	"acylcarnitines"	"acylcarnitine"
"C4:1-DC / C6:0"	"C4:1-DC / C6:0"	"acylcarnitines"	"acylcarnitine"
"C5:0-OH"	"C5:0-OH"	"acylcarnitines"	"acylcarnitine"
"C5:0"	"C5"	"acylcarnitines"	"acylcarnitine"
"C5-DC (C6-OH)"	"C5-DC (C6-OH)"	"acylcarnitines"	"acylcarnitine"
"C5-M-DC"	"C5-M-DC"	"acylcarnitines"	"acylcarnitine"
"C5-OH (C3-DC-M)"	"C5-OH (C3-DC-M)"	"acylcarnitines"	"acylcarnitine"
"C5:1"	"C5:1"	"acylcarnitines"	"acylcarnitine"
"C5:1-DC"	"C5:1-DC"	"acylcarnitines"	"acylcarnitine"
"C6 (C4:1-DC)"	"C6 (C4:1-DC)"	"acylcarnitines"	"acylcarnitine"
"C6:1"	"C6:1"	"acylcarnitines"	"acylcarnitine"
"C6:OH"	"C6:OH"	"acylcarnitines"	"acylcarnitine"
"C7:0-DC"	"C7-DC"	"acylcarnitines"	"acylcarnitine"
"C8:0"	"C8"	"acylcarnitines"	"acylcarnitine"
"C8:1"	"C8:1"	"acylcarnitines"	"acylcarnitine"
"C9:0"	"C9"	"acylcarnitines"	"acylcarnitine"
"Arg"	"Arg"	"aminoacids"	"aminoacid"
"Gln"	"Gln"	"aminoacids"	"aminoacid"
"Gly"	"Gly"	"aminoacids"	"aminoacid"
"His"	"His"	"aminoacids"	"aminoacid"
"Met"	"Met"	"aminoacids"	"aminoacid"
"Orn"	"Orn"	"aminoacids"	"aminoacid"
"Phe"	"Phe"	"aminoacids"	"aminoacid"
"Pro"	"Pro"	"aminoacids"	"aminoacid"
"Ser"	"Ser"	"aminoacids"	"aminoacid"
"Thr"	"Thr"	"aminoacids"	"aminoacid"
"Trp"	"Trp"	"aminoacids"	"aminoacid"
"Tyr"	"Tyr"	"aminoacids"	"aminoacid"
"Val"	"Val"	"aminoacids"	"aminoacid"
"xLeu"	"xLeu"	"aminoacids"	"aminoacid"
"PC aa C24:0"	"PC aa C24:0"	"glycerophospholipids"	"diacyl PC"
"PC aa C26:0"	"PC aa C26:0"	"glycerophospholipids"	"diacyl PC"
"PC aa C28:1"	"PC aa C28:1"	"glycerophospholipids"	"diacyl PC"
"PC aa C30:0"	"PC aa C30:0"	"glycerophospholipids"	"diacyl PC"
"PC aa C30:2"	"PC aa C30:2"	"glycerophospholipids"	"diacyl PC"
"PC aa C32:0"	"PC aa C32:0"	"glycerophospholipids"	"diacyl PC"
"PC aa C32:1"	"PC aa C32:1"	"glycerophospholipids"	"diacyl PC"
"PC aa C32:2"	"PC aa C32:2"	"glycerophospholipids"	"diacyl PC"
"PC aa C32:3"	"PC aa C32:3"	"glycerophospholipids"	"diacyl PC"
"PC aa C34:1"	"PC aa C34:1"	"glycerophospholipids"	"diacyl PC"
"PC aa C34:2"	"PC aa C34:2"	"glycerophospholipids"	"diacyl PC"
"PC aa C34:3"	"PC aa C34:3"	"glycerophospholipids"	"diacyl PC"
"PC aa C34:4"	"PC aa C34:4"	"glycerophospholipids"	"diacyl PC"
"PC aa C36:0"	"PC aa C36:0"	"glycerophospholipids"	"diacyl PC"
"PC aa C36:1"	"PC aa C36:1"	"glycerophospholipids"	"diacyl PC"
"PC aa C36:2"	"PC aa C36:2"	"glycerophospholipids"	"diacyl PC"
"PC aa C36:3"	"PC aa C36:3"	"glycerophospholipids"	"diacyl PC"
"PC aa C36:4"	"PC aa C36:4"	"glycerophospholipids"	"diacyl PC"
"PC aa C36:5"	"PC aa C36:5"	"glycerophospholipids"	"diacyl PC"
"PC aa C36:6"	"PC aa C36:6"	"glycerophospholipids"	"diacyl PC"
"PC aa C38:0"	"PC aa C38:0"	"glycerophospholipids"	"diacyl PC"
"PC aa C38:1"	"PC aa C38:1"	"glycerophospholipids"	"diacyl PC"
"PC aa C38:3"	"PC aa C38:3"	"glycerophospholipids"	"diacyl PC"
"PC aa C38:4"	"PC aa C38:4"	"glycerophospholipids"	"diacyl PC"
"PC aa C38:5"	"PC aa C38:5"	"glycerophospholipids"	"diacyl PC"
"PC aa C38:6"	"PC aa C38:6"	"glycerophospholipids"	"diacyl PC"
"PC aa C40:1"	"PC aa C40:1"	"glycerophospholipids"	"diacyl PC"
"PC aa C40:2"	"PC aa C40:2"	"glycerophospholipids"	"diacyl PC"
"PC aa C40:3"	"PC aa C40:3"	"glycerophospholipids"	"diacyl PC"
"PC aa C40:4"	"PC aa C40:4"	"glycerophospholipids"	"diacyl PC"
"PC aa C40:5"	"PC aa C40:5"	"glycerophospholipids"	"diacyl PC"
"PC aa C40:6"	"PC aa C40:6"	"glycerophospholipids"	"diacyl PC"
"PC aa C42:0"	"PC aa C42:0"	"glycerophospholipids"	"diacyl PC"
"PC aa C42:1"	"PC aa C42:1"	"glycerophospholipids"	"diacyl PC"
"PC aa C42:2"	"PC aa C42:2"	"glycerophospholipids"	"diacyl PC"
"PC aa C42:4"	"PC aa C42:4"	"glycerophospholipids"	"diacyl PC"
"PC aa C42:5"	"PC aa C42:5"	"glycerophospholipids"	"diacyl PC"
"PC aa C42:6"	"PC aa C42:6"	"glycerophospholipids"	"diacyl PC"
"PC ae C30:0"	"PC ae C30:0"	"glycerophospholipids"	"acyl-alkyl PC"
"PC ae C30:1"	"PC ae C30:1"	"glycerophospholipids"	"acyl-alkyl PC"
"PC ae C30:2"	"PC ae C30:2"	"glycerophospholipids"	"acyl-alkyl PC"
"PC ae C32:1"	"PC ae C32:1"	"glycerophospholipids"	"acyl-alkyl PC"
"PC ae C32:2"	"PC ae C32:2"	"glycerophospholipids"	"acyl-alkyl PC"
"PC ae C34:0"	"PC ae C34:0"	"glycerophospholipids"	"acyl-alkyl PC"
"PC ae C34:1"	"PC ae C34:1"	"glycerophospholipids"	"acyl-alkyl PC"
"PC ae C34:2"	"PC ae C34:2"	"glycerophospholipids"	"acyl-alkyl PC"
"PC ae C34:3"	"PC ae C34:3"	"glycerophospholipids"	"acyl-alkyl PC"
"PC ae C36:0"	"PC ae C36:0"	"glycerophospholipids"	"acyl-alkyl PC"
"PC ae C36:1"	"PC ae C36:1"	"glycerophospholipids"	"acyl-alkyl PC"
"PC ae C36:2"	"PC ae C36:2"	"glycerophospholipids"	"acyl-alkyl PC"
"PC ae C36:3"	"PC ae C36:3"	"glycerophospholipids"	"acyl-alkyl PC"
"PC ae C36:4"	"PC ae C36:4"	"glycerophospholipids"	"acyl-alkyl PC"
"PC ae C36:5"	"PC ae C36:5"	"glycerophospholipids"	"acyl-alkyl PC"
"PC ae C38:0"	"PC ae C38:0"	"glycerophospholipids"	"acyl-alkyl PC"
"PC ae C38:1"	"PC ae C38:1"	"glycerophospholipids"	"acyl-alkyl PC"
"PC ae C38:2"	"PC ae C38:2"	"glycerophospholipids"	"acyl-alkyl PC"
"PC ae C38:3"	"PC ae C38:3"	"glycerophospholipids"	"acyl-alkyl PC"
"PC ae C38:4"	"PC ae C38:4"	"glycerophospholipids"	"acyl-alkyl PC"
"PC ae C38:5"	"PC ae C38:5"	"glycerophospholipids"	"acyl-alkyl PC"
"PC ae C38:6"	"PC ae C38:6"	"glycerophospholipids"	"acyl-alkyl PC"
"PC ae C40:0"	"PC ae C40:0"	"glycerophospholipids"	"acyl-alkyl PC"
"PC ae C40:1"	"PC ae C40:1"	"glycerophospholipids"	"acyl-alkyl PC"
"PC ae C40:2"	"PC ae C40:2"	"glycerophospholipids"	"acyl-alkyl PC"
"PC ae C40:3"	"PC ae C40:3"	"glycerophospholipids"	"acyl-alkyl PC"
"PC ae C40:4"	"PC ae C40:4"	"glycerophospholipids"	"acyl-alkyl PC"
"PC ae C40:5"	"PC ae C40:5"	"glycerophospholipids"	"acyl-alkyl PC"
"PC ae C40:6"	"PC ae C40:6"	"glycerophospholipids"	"acyl-alkyl PC"
"PC ae C42:0"	"PC ae C42:0"	"glycerophospholipids"	"acyl-alkyl PC"
"PC ae C42:1"	"PC ae C42:1"	"glycerophospholipids"	"acyl-alkyl PC"
"PC ae C42:2"	"PC ae C42:2"	"glycerophospholipids"	"acyl-alkyl PC"
"PC ae C42:3"	"PC ae C42:3"	"glycerophospholipids"	"acyl-alkyl PC"
"PC ae C42:4"	"PC ae C42:4"	"glycerophospholipids"	"acyl-alkyl PC"
"PC ae C42:5"	"PC ae C42:5"	"glycerophospholipids"	"acyl-alkyl PC"
"PC ae C44:3"	"PC ae C44:3"	"glycerophospholipids"	"acyl-alkyl PC"
"PC ae C44:4"	"PC ae C44:4"	"glycerophospholipids"	"acyl-alkyl PC"
"PC ae C44:5"	"PC ae C44:5"	"glycerophospholipids"	"acyl-alkyl PC"
"PC ae C44:6"	"PC ae C44:6"	"glycerophospholipids"	"acyl-alkyl PC"
"lysoPC a C14:0"	"lysoPC a C14:0"	"glycerophospholipids"	"lysoPC"
"lysoPC a C16:0"	"lysoPC a C16:0"	"glycerophospholipids"	"lysoPC"
"lysoPC a C16:1"	"lysoPC a C16:1"	"glycerophospholipids"	"lysoPC"
"lysoPC a C17:0"	"lysoPC a C17:0"	"glycerophospholipids"	"lysoPC"
"lysoPC a C18:0"	"lysoPC a C18:0"	"glycerophospholipids"	"lysoPC"
"lysoPC a C18:1"	"lysoPC a C18:1"	"glycerophospholipids"	"lysoPC"
"lysoPC a C18:2"	"lysoPC a C18:2"	"glycerophospholipids"	"lysoPC"
"lysoPC a C20:3"	"lysoPC a C20:3"	"glycerophospholipids"	"lysoPC"
"lysoPC a C20:4"	"lysoPC a C20:4"	"glycerophospholipids"	"lysoPC"
"lysoPC a C24:0"	"lysoPC a C24:0"	"glycerophospholipids"	"lysoPC"
"lysoPC a C26:0"	"lysoPC a C26:0"	"glycerophospholipids"	"lysoPC"
"lysoPC a C26:1"	"lysoPC a C26:1"	"glycerophospholipids"	"lysoPC"
"lysoPC a C28:0"	"lysoPC a C28:0"	"glycerophospholipids"	"lysoPC"
"lysoPC a C28:1"	"lysoPC a C28:1"	"glycerophospholipids"	"lysoPC"
"lysoPC a C6:0"	"lysoPC a C6:0"	"glycerophospholipids"	"lysoPC"
"SM (OH) C14:1"	"SM (OH) C14:1"	"sphingolipids"	"sphingomyelin"
"SM (OH) C16:1"	"SM (OH) C16:1"	"sphingolipids"	"sphingomyelin"
"SM (OH) C22:1"	"SM (OH) C22:1"	"sphingolipids"	"sphingomyelin"
"SM (OH) C22:2"	"SM (OH) C22:2"	"sphingolipids"	"sphingomyelin"
"SM (OH) C24:1"	"SM (OH) C24:1"	"sphingolipids"	"sphingomyelin"
"SM C16:0"	"SM C16:0"	"sphingolipids"	"sphingomyelin"
"SM C16:1"	"SM C16:1"	"sphingolipids"	"sphingomyelin"
"SM C18:0"	"SM C18:0"	"sphingolipids"	"sphingomyelin"
"SM C18:1"	"SM C18:1"	"sphingolipids"	"sphingomyelin"
"SM C20:2"	"SM C20:2"	"sphingolipids"	"sphingomyelin"
"SM C22:3"	"SM C22:3"	"sphingolipids"	"sphingomyelin"
"SM C24:0"	"SM C24:0"	"sphingolipids"	"sphingomyelin"
"SM C24:1"	"SM C24:1"	"sphingolipids"	"sphingomyelin"
"SM C26:0"	"SM C26:0"	"sphingolipids"	"sphingomyelin"
"SM C26:1"	"SM C26:1"	"sphingolipids"	"sphingomyelin"
"H1"	"H1"	"sugars"	"sugars"
"(C2+C3) / C0"	"(C2+C3) / C0"	"Cust. Met. Indicator"	"Cust. Met. Indicator"
"AAA"	"AAA"	"Cust. Met. Indicator"	"Cust. Met. Indicator"
"C2 / C0"	"C2 / C0"	"Cust. Met. Indicator"	"Cust. Met. Indicator"
"CPT-I ratio"	"CPT-I ratio"	"Cust. Met. Indicator"	"Cust. Met. Indicator"
"MUFA (PC)"	"MUFA (PC)"	"Cust. Met. Indicator"	"Cust. Met. Indicator"
"MUFA (PC) / SFA (PC)"	"MUFA (PC) / SFA (PC)"	"Cust. Met. Indicator"	"Cust. Met. Indicator"
"Orn / Arg"	"Orn / Arg"	"Cust. Met. Indicator"	"Cust. Met. Indicator"
"PUFA (PC)"	"PUFA (PC)"	"Cust. Met. Indicator"	"Cust. Met. Indicator"
"PUFA (PC) / MUFA (PC)"	"PUFA (PC) / MUFA (PC)"	"Cust. Met. Indicator"	"Cust. Met. Indicator"
"PUFA (PC) / SFA (PC)"	"PUFA (PC) / SFA (PC)"	"Cust. Met. Indicator"	"Cust. Met. Indicator"
"SFA (PC)"	"SFA (PC)"	"Cust. Met. Indicator"	"Cust. Met. Indicator"
"Total (PC+SM)"	"Total (PC+SM)"	"Cust. Met. Indicator"	"Cust. Met. Indicator"
"Total AC / C0"	"Total AC / C0"	"Cust. Met. Indicator"	"Cust. Met. Indicator"
"Total AC-DC / Total AC"	"Total AC-DC / Total AC"	"Cust. Met. Indicator"	"Cust. Met. Indicator"
"Total AC-OH / Total AC"	"Total AC-OH / Total AC"	"Cust. Met. Indicator"	"Cust. Met. Indicator"
"Total PC"	"Total PC"	"Cust. Met. Indicator"	"Cust. Met. Indicator"
"Total PC aa"	"Total PC aa"	"Cust. Met. Indicator"	"Cust. Met. Indicator"
"Total PC ae"	"Total PC ae"	"Cust. Met. Indicator"	"Cust. Met. Indicator"
"Total SM"	"Total SM"	"Cust. Met. Indicator"	"Cust. Met. Indicator"
"Total SM / Total (SM+PC)"	"Total SM / Total (SM+PC)"	"Cust. Met. Indicator"	"Cust. Met. Indicator"
"Total SM / Total PC"	"Total SM / Total PC"	"Cust. Met. Indicator"	"Cust. Met. Indicator"
"Total SM-OH"	"Total SM-OH"	"Cust. Met. Indicator"	"Cust. Met. Indicator"
"Total SM-OH / Total SM-non OH"	"Total SM-OH / Total SM-non OH"	"Cust. Met. Indicator"	"Cust. Met. Indicator"
"Total SM-non OH"	"Total SM-non OH"	"Cust. Met. Indicator"	"Cust. Met. Indicator"
"Total lysoPC"	"Total lysoPC"	"Cust. Met. Indicator"	"Cust. Met. Indicator"
"Total lysoPC / Total PC"	"Total lysoPC / Total PC"	"Cust. Met. Indicator"	"Cust. Met. Indicator"
"Tyr / Phe"	"Tyr / Phe"	"Cust. Met. Indicator"	"Cust. Met. Indicator"
